Serial_number:;;;;
2100000;;;;
Project ID:;;;;
PM-EX-03;;;;
Location:;;;;
AREA-COSTEIRA-03;;;;
LEVEL;;;;
UNIT: m;;;;
Offset: 0,000000 m;;;;
TEMPERATURE;;;;
UNIT: C;;;;
Date;Time;ms;LEVEL;TEMPERATURE
27/05/2025;00:00:00;0;4,8462;25,56
27/05/2025;00:30:00;0;4,8353;25,22
27/05/2025;01:00:00;0;4,8370;25,53
27/05/2025;01:30:00;0;4,8434;25,52
27/05/2025;02:00:00;0;4,8408;26,62
27/05/2025;02:30:00;0;4,8388;26,45
27/05/2025;03:00:00;0;4,8310;26,75
27/05/2025;03:30:00;0;4,8258;26,33
27/05/2025;04:00:00;0;4,8368;27,20
27/05/2025;04:30:00;0;4,8296;27,21
27/05/2025;05:00:00;0;4,8402;27,62
27/05/2025;05:30:00;0;4,8352;27,72
27/05/2025;06:00:00;0;4,8275;27,40
27/05/2025;06:30:00;0;4,8355;27,30
27/05/2025;07:00:00;0;4,8389;27,32
27/05/2025;07:30:00;0;4,8345;27,12
27/05/2025;08:00:00;0;4,8268;26,96
27/05/2025;08:30:00;0;4,8350;26,91
27/05/2025;09:00:00;0;4,8357;26,82
27/05/2025;09:30:00;0;4,8290;26,35
27/05/2025;10:00:00;0;4,8178;26,29
27/05/2025;10:30:00;0;4,7811;26,72
27/05/2025;11:00:00;0;4,7606;25,80
27/05/2025;11:30:00;0;4,7378;25,60
27/05/2025;12:00:00;0;4,6878;25,62
27/05/2025;12:30:00;0;4,6754;24,97
27/05/2025;13:00:00;0;4,6304;24,90
27/05/2025;13:30:00;0;4,6086;24,36
27/05/2025;14:00:00;0;4,5984;24,56
27/05/2025;14:30:00;0;4,5741;24,10
27/05/2025;15:00:00;0;4,5600;23,59
27/05/2025;15:30:00;0;4,5678;24,17
27/05/2025;16:00:00;0;4,5679;24,14
27/05/2025;16:30:00;0;4,5810;23,75
27/05/2025;17:00:00;0;4,6054;24,29
27/05/2025;17:30:00;0;4,6472;23,18
27/05/2025;18:00:00;0;4,6642;23,21
27/05/2025;18:30:00;0;4,6896;23,72
27/05/2025;19:00:00;0;4,7174;24,02
27/05/2025;19:30:00;0;4,7460;23,77
27/05/2025;20:00:00;0;4,7688;23,79
27/05/2025;20:30:00;0;4,7703;23,73
27/05/2025;21:00:00;0;4,7944;24,76
27/05/2025;21:30:00;0;4,7901;24,21
27/05/2025;22:00:00;0;4,8027;24,77
27/05/2025;22:30:00;0;4,7732;24,86
27/05/2025;23:00:00;0;4,7709;24,58
27/05/2025;23:30:00;0;4,7285;25,50
28/05/2025;00:00:00;0;4,7170;25,28
28/05/2025;00:30:00;0;4,6830;25,84
28/05/2025;01:00:00;0;4,6559;26,11
28/05/2025;01:30:00;0;4,6481;26,11
28/05/2025;02:00:00;0;4,6128;26,90
28/05/2025;02:30:00;0;4,6089;27,00
28/05/2025;03:00:00;0;4,5938;26,74
28/05/2025;03:30:00;0;4,6058;27,17
28/05/2025;04:00:00;0;4,6081;27,43
28/05/2025;04:30:00;0;4,6051;27,69
28/05/2025;05:00:00;0;4,6445;27,13
28/05/2025;05:30:00;0;4,6599;27,89
28/05/2025;06:00:00;0;4,7067;27,02
28/05/2025;06:30:00;0;4,7264;26,91
28/05/2025;07:00:00;0;4,7556;27,43
28/05/2025;07:30:00;0;4,7533;26,86
28/05/2025;08:00:00;0;4,8102;27,56
28/05/2025;08:30:00;0;4,8099;26,34
28/05/2025;09:00:00;0;4,8122;26,76
28/05/2025;09:30:00;0;4,8239;26,77
28/05/2025;10:00:00;0;4,8302;25,88
28/05/2025;10:30:00;0;4,7915;26,49
28/05/2025;11:00:00;0;4,7963;25,51
28/05/2025;11:30:00;0;4,7583;25,82
28/05/2025;12:00:00;0;4,7293;25,55
28/05/2025;12:30:00;0;4,6987;25,32
28/05/2025;13:00:00;0;4,6637;25,27
28/05/2025;13:30:00;0;4,6427;25,04
28/05/2025;14:00:00;0;4,6141;24,34
28/05/2025;14:30:00;0;4,6009;24,11
28/05/2025;15:00:00;0;4,5842;24,24
28/05/2025;15:30:00;0;4,5653;23,55
28/05/2025;16:00:00;0;4,5707;24,33
28/05/2025;16:30:00;0;4,5626;23,76
28/05/2025;17:00:00;0;4,5860;24,45
28/05/2025;17:30:00;0;4,5938;23,87
28/05/2025;18:00:00;0;4,6193;23,50
28/05/2025;18:30:00;0;4,6561;23,39
28/05/2025;19:00:00;0;4,6733;24,13
28/05/2025;19:30:00;0;4,7097;22,84
28/05/2025;20:00:00;0;4,7213;23,79
28/05/2025;20:30:00;0;4,7464;24,69
28/05/2025;21:00:00;0;4,7753;24,19
28/05/2025;21:30:00;0;4,7899;24,59
28/05/2025;22:00:00;0;4,7762;24,58
28/05/2025;22:30:00;0;4,7909;24,96
28/05/2025;23:00:00;0;4,7740;24,77
28/05/2025;23:30:00;0;4,7716;25,27
29/05/2025;00:00:00;0;4,7336;25,86
29/05/2025;00:30:00;0;4,7078;25,72
29/05/2025;01:00:00;0;4,6900;25,99
29/05/2025;01:30:00;0;4,6554;26,54
29/05/2025;02:00:00;0;4,6410;26,71
29/05/2025;02:30:00;0;4,6229;26,64
29/05/2025;03:00:00;0;4,6170;26,52
29/05/2025;03:30:00;0;4,6046;26,59
29/05/2025;04:00:00;0;4,5873;27,11
29/05/2025;04:30:00;0;4,5954;27,16
29/05/2025;05:00:00;0;4,6066;27,75
29/05/2025;05:30:00;0;4,6180;28,23
29/05/2025;06:00:00;0;4,6372;27,79
29/05/2025;06:30:00;0;4,6967;27,13
29/05/2025;07:00:00;0;4,7002;27,14
29/05/2025;07:30:00;0;4,7428;26,67
29/05/2025;08:00:00;0;4,7531;27,13
29/05/2025;08:30:00;0;4,7749;27,00
29/05/2025;09:00:00;0;4,7838;27,05
29/05/2025;09:30:00;0;4,8141;26,30
29/05/2025;10:00:00;0;4,8082;26,48
29/05/2025;10:30:00;0;4,8173;26,18
29/05/2025;11:00:00;0;4,7918;26,25
29/05/2025;11:30:00;0;4,7876;25,29
29/05/2025;12:00:00;0;4,7695;25,88
29/05/2025;12:30:00;0;4,7184;25,26
29/05/2025;13:00:00;0;4,7060;25,00
29/05/2025;13:30:00;0;4,6651;24,43
29/05/2025;14:00:00;0;4,6349;24,52
29/05/2025;14:30:00;0;4,6211;24,47
29/05/2025;15:00:00;0;4,6027;24,13
29/05/2025;15:30:00;0;4,5940;24,11
29/05/2025;16:00:00;0;4,5679;23,57
29/05/2025;16:30:00;0;4,5791;23,81
29/05/2025;17:00:00;0;4,5766;23,45
29/05/2025;17:30:00;0;4,5858;23,13
29/05/2025;18:00:00;0;4,5923;23,25
29/05/2025;18:30:00;0;4,6229;23,60
29/05/2025;19:00:00;0;4,6732;23,85
29/05/2025;19:30:00;0;4,6642;23,84
29/05/2025;20:00:00;0;4,6962;24,33
29/05/2025;20:30:00;0;4,7130;24,15
29/05/2025;21:00:00;0;4,7534;24,23
29/05/2025;21:30:00;0;4,7702;24,23
29/05/2025;22:00:00;0;4,7799;24,74
29/05/2025;22:30:00;0;4,7861;24,77
29/05/2025;23:00:00;0;4,7711;24,45
29/05/2025;23:30:00;0;4,7741;25,23
30/05/2025;00:00:00;0;4,7434;25,47
30/05/2025;00:30:00;0;4,7425;25,68
30/05/2025;01:00:00;0;4,7224;26,78
30/05/2025;01:30:00;0;4,6827;26,36
30/05/2025;02:00:00;0;4,6721;26,64
30/05/2025;02:30:00;0;4,6361;26,78
30/05/2025;03:00:00;0;4,6136;26,62
30/05/2025;03:30:00;0;4,6022;26,99
30/05/2025;04:00:00;0;4,5929;27,13
30/05/2025;04:30:00;0;4,5928;27,24
30/05/2025;05:00:00;0;4,6011;27,01
30/05/2025;05:30:00;0;4,6278;27,37
30/05/2025;06:00:00;0;4,6239;27,19
30/05/2025;06:30:00;0;4,6400;26,91
30/05/2025;07:00:00;0;4,6730;26,91
30/05/2025;07:30:00;0;4,6900;27,02
30/05/2025;08:00:00;0;4,7171;27,02
30/05/2025;08:30:00;0;4,7412;26,52
30/05/2025;09:00:00;0;4,7633;26,28
30/05/2025;09:30:00;0;4,7678;26,27
30/05/2025;10:00:00;0;4,7848;26,22
30/05/2025;10:30:00;0;4,7958;26,63
30/05/2025;11:00:00;0;4,7871;26,09
30/05/2025;11:30:00;0;4,7774;25,03
30/05/2025;12:00:00;0;4,7710;25,32
30/05/2025;12:30:00;0;4,7512;25,28
30/05/2025;13:00:00;0;4,7246;25,33
30/05/2025;13:30:00;0;4,7059;24,76
30/05/2025;14:00:00;0;4,6757;25,12
30/05/2025;14:30:00;0;4,6407;24,17
30/05/2025;15:00:00;0;4,6317;24,84
30/05/2025;15:30:00;0;4,6020;23,95
30/05/2025;16:00:00;0;4,6157;23,91
30/05/2025;16:30:00;0;4,5868;23,94
30/05/2025;17:00:00;0;4,5755;23,59
30/05/2025;17:30:00;0;4,5899;23,37
30/05/2025;18:00:00;0;4,6003;23,82
30/05/2025;18:30:00;0;4,6165;23,77
30/05/2025;19:00:00;0;4,6227;24,23
30/05/2025;19:30:00;0;4,6508;24,09
30/05/2025;20:00:00;0;4,6698;23,75
30/05/2025;20:30:00;0;4,6874;24,23
30/05/2025;21:00:00;0;4,6970;23,97
30/05/2025;21:30:00;0;4,7265;23,90
30/05/2025;22:00:00;0;4,7231;24,51
30/05/2025;22:30:00;0;4,7445;24,61
30/05/2025;23:00:00;0;4,7704;24,80
30/05/2025;23:30:00;0;4,7579;25,53
31/05/2025;00:00:00;0;4,7531;25,46
31/05/2025;00:30:00;0;4,7336;25,42
31/05/2025;01:00:00;0;4,7208;25,78
31/05/2025;01:30:00;0;4,7032;26,23
31/05/2025;02:00:00;0;4,6785;25,74
31/05/2025;02:30:00;0;4,6515;26,70
31/05/2025;03:00:00;0;4,6579;26,80
31/05/2025;03:30:00;0;4,6474;27,03
31/05/2025;04:00:00;0;4,6135;27,42
31/05/2025;04:30:00;0;4,6177;27,51
31/05/2025;05:00:00;0;4,5947;27,06
31/05/2025;05:30:00;0;4,6107;27,58
31/05/2025;06:00:00;0;4,6002;27,32
31/05/2025;06:30:00;0;4,6315;26,89
31/05/2025;07:00:00;0;4,6376;27,20
31/05/2025;07:30:00;0;4,6462;27,08
31/05/2025;08:00:00;0;4,6801;27,17
31/05/2025;08:30:00;0;4,7095;26,65
31/05/2025;09:00:00;0;4,7169;26,49
31/05/2025;09:30:00;0;4,7332;26,66
31/05/2025;10:00:00;0;4,7503;26,15
31/05/2025;10:30:00;0;4,7597;26,02
31/05/2025;11:00:00;0;4,7772;25,73
31/05/2025;11:30:00;0;4,7756;25,81
31/05/2025;12:00:00;0;4,7465;25,53
31/05/2025;12:30:00;0;4,7611;25,10
31/05/2025;13:00:00;0;4,7379;24,14
31/05/2025;13:30:00;0;4,7337;24,98
31/05/2025;14:00:00;0;4,7050;24,28
31/05/2025;14:30:00;0;4,6874;24,41
31/05/2025;15:00:00;0;4,6539;24,04
31/05/2025;15:30:00;0;4,6283;23,48
31/05/2025;16:00:00;0;4,6219;24,06
31/05/2025;16:30:00;0;4,6157;23,64
31/05/2025;17:00:00;0;4,6019;23,70
31/05/2025;17:30:00;0;4,6000;23,71
31/05/2025;18:00:00;0;4,5933;24,36
31/05/2025;18:30:00;0;4,6049;23,53
31/05/2025;19:00:00;0;4,6002;23,63
31/05/2025;19:30:00;0;4,6211;23,60
31/05/2025;20:00:00;0;4,6251;23,81
31/05/2025;20:30:00;0;4,6563;24,12
31/05/2025;21:00:00;0;4,6733;24,11
31/05/2025;21:30:00;0;4,6942;24,42
31/05/2025;22:00:00;0;4,7202;24,55
31/05/2025;22:30:00;0;4,7248;24,74
31/05/2025;23:00:00;0;4,7135;24,94
31/05/2025;23:30:00;0;4,7518;25,97
01/06/2025;00:00:00;0;4,7461;25,23
01/06/2025;00:30:00;0;4,7460;25,71
01/06/2025;01:00:00;0;4,7284;25,65
01/06/2025;01:30:00;0;4,7288;26,36
01/06/2025;02:00:00;0;4,7219;26,57
01/06/2025;02:30:00;0;4,6800;26,52
01/06/2025;03:00:00;0;4,6862;26,45
01/06/2025;03:30:00;0;4,6525;27,12
01/06/2025;04:00:00;0;4,6375;27,41
01/06/2025;04:30:00;0;4,6319;26,65
01/06/2025;05:00:00;0;4,6369;26,98
01/06/2025;05:30:00;0;4,6014;27,22
01/06/2025;06:00:00;0;4,6065;27,26
01/06/2025;06:30:00;0;4,6161;27,27
01/06/2025;07:00:00;0;4,6252;27,41
01/06/2025;07:30:00;0;4,6306;27,04
01/06/2025;08:00:00;0;4,6465;27,02
01/06/2025;08:30:00;0;4,6506;27,11
01/06/2025;09:00:00;0;4,6810;26,66
01/06/2025;09:30:00;0;4,6993;27,02
01/06/2025;10:00:00;0;4,6981;26,44
01/06/2025;10:30:00;0;4,7128;26,49
01/06/2025;11:00:00;0;4,7346;26,07
01/06/2025;11:30:00;0;4,7393;25,99
01/06/2025;12:00:00;0;4,7462;25,54
01/06/2025;12:30:00;0;4,7291;25,34
01/06/2025;13:00:00;0;4,7328;25,21
01/06/2025;13:30:00;0;4,7215;24,72
01/06/2025;14:00:00;0;4,7258;25,11
01/06/2025;14:30:00;0;4,6986;24,25
01/06/2025;15:00:00;0;4,6798;24,64
01/06/2025;15:30:00;0;4,6599;24,02
01/06/2025;16:00:00;0;4,6505;24,27
01/06/2025;16:30:00;0;4,6461;24,04
01/06/2025;17:00:00;0;4,6101;24,19
01/06/2025;17:30:00;0;4,6156;24,65
01/06/2025;18:00:00;0;4,6109;24,51
01/06/2025;18:30:00;0;4,6228;23,67
01/06/2025;19:00:00;0;4,6121;23,86
01/06/2025;19:30:00;0;4,6251;23,68
01/06/2025;20:00:00;0;4,6220;24,07
01/06/2025;20:30:00;0;4,6236;23,77
01/06/2025;21:00:00;0;4,6364;24,41
01/06/2025;21:30:00;0;4,6575;24,03
01/06/2025;22:00:00;0;4,6798;25,11
01/06/2025;22:30:00;0;4,6904;24,76
01/06/2025;23:00:00;0;4,7029;24,72
01/06/2025;23:30:00;0;4,7305;25,16
02/06/2025;00:00:00;0;4,7058;25,58
02/06/2025;00:30:00;0;4,7190;25,43
02/06/2025;01:00:00;0;4,7491;26,49
02/06/2025;01:30:00;0;4,7275;26,35
02/06/2025;02:00:00;0;4,7148;26,26
02/06/2025;02:30:00;0;4,7006;26,25
02/06/2025;03:00:00;0;4,7056;26,86
02/06/2025;03:30:00;0;4,6911;27,08
02/06/2025;04:00:00;0;4,6784;27,30
02/06/2025;04:30:00;0;4,6482;27,15
02/06/2025;05:00:00;0;4,6465;26,99
02/06/2025;05:30:00;0;4,6339;27,55
02/06/2025;06:00:00;0;4,6296;27,28
02/06/2025;06:30:00;0;4,6091;27,00
02/06/2025;07:00:00;0;4,6231;27,25
02/06/2025;07:30:00;0;4,6334;27,12
02/06/2025;08:00:00;0;4,6126;26,93
02/06/2025;08:30:00;0;4,6391;27,15
02/06/2025;09:00:00;0;4,6539;25,99
02/06/2025;09:30:00;0;4,6594;26,83
02/06/2025;10:00:00;0;4,6636;26,27
02/06/2025;10:30:00;0;4,6773;26,03
02/06/2025;11:00:00;0;4,6841;25,85
02/06/2025;11:30:00;0;4,6997;25,82
02/06/2025;12:00:00;0;4,6991;25,13
02/06/2025;12:30:00;0;4,7124;25,23
02/06/2025;13:00:00;0;4,7097;25,33
02/06/2025;13:30:00;0;4,7031;25,04
02/06/2025;14:00:00;0;4,7254;24,28
02/06/2025;14:30:00;0;4,6910;24,16
02/06/2025;15:00:00;0;4,7132;23,78
02/06/2025;15:30:00;0;4,6700;23,64
02/06/2025;16:00:00;0;4,6841;24,19
02/06/2025;16:30:00;0;4,6657;24,11
02/06/2025;17:00:00;0;4,6389;23,38
02/06/2025;17:30:00;0;4,6374;24,28
02/06/2025;18:00:00;0;4,6228;24,10
02/06/2025;18:30:00;0;4,6173;23,89
02/06/2025;19:00:00;0;4,6261;23,63
02/06/2025;19:30:00;0;4,6091;23,68
02/06/2025;20:00:00;0;4,6027;24,18
02/06/2025;20:30:00;0;4,6328;24,23
02/06/2025;21:00:00;0;4,6325;23,78
02/06/2025;21:30:00;0;4,6394;24,47
02/06/2025;22:00:00;0;4,6471;24,66
02/06/2025;22:30:00;0;4,6672;25,23
02/06/2025;23:00:00;0;4,6767;24,78
02/06/2025;23:30:00;0;4,6843;25,16
03/06/2025;00:00:00;0;4,6919;25,44
03/06/2025;00:30:00;0;4,7136;25,68
03/06/2025;01:00:00;0;4,7247;25,79
03/06/2025;01:30:00;0;4,7197;26,59
03/06/2025;02:00:00;0;4,7432;26,14
03/06/2025;02:30:00;0;4,7178;26,44
03/06/2025;03:00:00;0;4,7147;26,48
03/06/2025;03:30:00;0;4,7175;26,84
03/06/2025;04:00:00;0;4,6997;27,37
03/06/2025;04:30:00;0;4,6882;27,22
03/06/2025;05:00:00;0;4,6721;27,46
03/06/2025;05:30:00;0;4,6670;27,46
03/06/2025;06:00:00;0;4,6376;27,25
03/06/2025;06:30:00;0;4,6355;26,74
03/06/2025;07:00:00;0;4,6228;27,30
03/06/2025;07:30:00;0;4,6081;27,15
03/06/2025;08:00:00;0;4,6290;26,98
03/06/2025;08:30:00;0;4,6169;26,79
03/06/2025;09:00:00;0;4,6119;26,70
03/06/2025;09:30:00;0;4,6268;26,38
03/06/2025;10:00:00;0;4,6182;26,16
03/06/2025;10:30:00;0;4,6440;26,00
03/06/2025;11:00:00;0;4,6565;26,03
03/06/2025;11:30:00;0;4,6435;26,24
03/06/2025;12:00:00;0;4,6748;25,69
03/06/2025;12:30:00;0;4,6760;24,70
03/06/2025;13:00:00;0;4,6928;25,08
03/06/2025;13:30:00;0;4,6913;24,97
03/06/2025;14:00:00;0;4,6890;24,85
03/06/2025;14:30:00;0;4,6844;24,23
03/06/2025;15:00:00;0;4,6900;23,76
03/06/2025;15:30:00;0;4,6917;24,33
03/06/2025;16:00:00;0;4,7010;23,81
03/06/2025;16:30:00;0;4,6903;24,40
03/06/2025;17:00:00;0;4,6803;23,42
03/06/2025;17:30:00;0;4,6804;24,32
03/06/2025;18:00:00;0;4,6440;23,35
03/06/2025;18:30:00;0;4,6402;24,30
03/06/2025;19:00:00;0;4,6312;23,84
03/06/2025;19:30:00;0;4,6344;24,14
03/06/2025;20:00:00;0;4,6136;24,14
03/06/2025;20:30:00;0;4,6201;24,42
03/06/2025;21:00:00;0;4,6336;24,35
03/06/2025;21:30:00;0;4,6334;24,69
03/06/2025;22:00:00;0;4,6406;24,29
03/06/2025;22:30:00;0;4,6309;24,81
03/06/2025;23:00:00;0;4,6345;24,69
03/06/2025;23:30:00;0;4,6555;25,28
04/06/2025;00:00:00;0;4,6563;25,60
04/06/2025;00:30:00;0;4,6742;25,74
04/06/2025;01:00:00;0;4,6850;26,32
04/06/2025;01:30:00;0;4,6998;26,47
04/06/2025;02:00:00;0;4,7164;26,62
04/06/2025;02:30:00;0;4,7211;26,92
04/06/2025;03:00:00;0;4,7226;27,25
04/06/2025;03:30:00;0;4,7130;26,73
04/06/2025;04:00:00;0;4,7198;26,98
04/06/2025;04:30:00;0;4,7054;27,21
04/06/2025;05:00:00;0;4,6952;26,98
04/06/2025;05:30:00;0;4,6799;27,16
04/06/2025;06:00:00;0;4,6772;26,86
04/06/2025;06:30:00;0;4,6733;26,95
04/06/2025;07:00:00;0;4,6622;27,67
04/06/2025;07:30:00;0;4,6447;27,11
04/06/2025;08:00:00;0;4,6369;26,51
04/06/2025;08:30:00;0;4,6184;27,02
04/06/2025;09:00:00;0;4,6272;26,67
04/06/2025;09:30:00;0;4,6107;26,03
04/06/2025;10:00:00;0;4,6027;26,18
04/06/2025;10:30:00;0;4,6122;26,11
04/06/2025;11:00:00;0;4,6071;26,04
04/06/2025;11:30:00;0;4,6178;25,56
04/06/2025;12:00:00;0;4,6339;25,84
04/06/2025;12:30:00;0;4,6257;25,20
04/06/2025;13:00:00;0;4,6403;25,75
04/06/2025;13:30:00;0;4,6524;25,11
04/06/2025;14:00:00;0;4,6655;25,06
04/06/2025;14:30:00;0;4,6900;24,81
04/06/2025;15:00:00;0;4,6915;23,87
04/06/2025;15:30:00;0;4,7002;24,47
04/06/2025;16:00:00;0;4,6744;24,75
04/06/2025;16:30:00;0;4,6993;24,38
04/06/2025;17:00:00;0;4,6976;23,89
04/06/2025;17:30:00;0;4,6946;23,42
04/06/2025;18:00:00;0;4,6853;24,06
04/06/2025;18:30:00;0;4,6708;23,59
04/06/2025;19:00:00;0;4,6729;23,86
04/06/2025;19:30:00;0;4,6552;24,13
04/06/2025;20:00:00;0;4,6463;24,31
04/06/2025;20:30:00;0;4,6325;23,84
04/06/2025;21:00:00;0;4,6266;24,53
04/06/2025;21:30:00;0;4,6275;24,58
04/06/2025;22:00:00;0;4,6247;24,54
04/06/2025;22:30:00;0;4,6183;24,73
04/06/2025;23:00:00;0;4,6198;25,17
04/06/2025;23:30:00;0;4,6238;25,80
05/06/2025;00:00:00;0;4,6390;25,40
05/06/2025;00:30:00;0;4,6392;26,03
05/06/2025;01:00:00;0;4,6513;25,74
05/06/2025;01:30:00;0;4,6676;26,05
05/06/2025;02:00:00;0;4,6763;26,41
05/06/2025;02:30:00;0;4,6941;26,58
05/06/2025;03:00:00;0;4,7171;26,75
05/06/2025;03:30:00;0;4,7116;26,72
05/06/2025;04:00:00;0;4,7315;26,88
05/06/2025;04:30:00;0;4,7288;27,05
05/06/2025;05:00:00;0;4,7243;27,45
05/06/2025;05:30:00;0;4,7230;27,40
05/06/2025;06:00:00;0;4,7235;27,54
05/06/2025;06:30:00;0;4,6933;27,64
05/06/2025;07:00:00;0;4,6941;27,23
05/06/2025;07:30:00;0;4,6827;26,98
05/06/2025;08:00:00;0;4,6511;26,85
05/06/2025;08:30:00;0;4,6517;27,42
05/06/2025;09:00:00;0;4,6301;27,05
05/06/2025;09:30:00;0;4,6051;27,06
05/06/2025;10:00:00;0;4,6022;26,76
05/06/2025;10:30:00;0;4,5798;26,16
05/06/2025;11:00:00;0;4,5742;26,13
05/06/2025;11:30:00;0;4,5721;25,78
05/06/2025;12:00:00;0;4,5867;26,17
05/06/2025;12:30:00;0;4,5891;25,45
05/06/2025;13:00:00;0;4,5935;25,52
05/06/2025;13:30:00;0;4,6082;24,86
05/06/2025;14:00:00;0;4,6247;25,01
05/06/2025;14:30:00;0;4,6377;24,50
05/06/2025;15:00:00;0;4,6514;24,06
05/06/2025;15:30:00;0;4,6702;24,49
05/06/2025;16:00:00;0;4,6747;23,75
05/06/2025;16:30:00;0;4,6866;23,77
05/06/2025;17:00:00;0;4,7089;24,01
05/06/2025;17:30:00;0;4,7041;23,86
05/06/2025;18:00:00;0;4,6885;23,60
05/06/2025;18:30:00;0;4,7102;23,75
05/06/2025;19:00:00;0;4,6854;24,18
05/06/2025;19:30:00;0;4,6947;23,65
05/06/2025;20:00:00;0;4,6713;23,20
05/06/2025;20:30:00;0;4,6649;24,40
05/06/2025;21:00:00;0;4,6294;24,09
05/06/2025;21:30:00;0;4,6253;24,33
05/06/2025;22:00:00;0;4,6142;24,85
05/06/2025;22:30:00;0;4,6076;24,69
05/06/2025;23:00:00;0;4,5985;24,98
05/06/2025;23:30:00;0;4,5995;25,62
06/06/2025;00:00:00;0;4,6034;25,71
06/06/2025;00:30:00;0;4,6070;25,73
06/06/2025;01:00:00;0;4,6181;25,73
06/06/2025;01:30:00;0;4,6356;25,91
06/06/2025;02:00:00;0;4,6323;26,69
06/06/2025;02:30:00;0;4,6611;26,78
06/06/2025;03:00:00;0;4,6717;26,50
06/06/2025;03:30:00;0;4,6940;27,01
06/06/2025;04:00:00;0;4,7149;26,44
06/06/2025;04:30:00;0;4,7088;27,37
06/06/2025;05:00:00;0;4,7269;27,33
06/06/2025;05:30:00;0;4,7392;27,07
06/06/2025;06:00:00;0;4,7421;27,64
06/06/2025;06:30:00;0;4,7221;27,40
06/06/2025;07:00:00;0;4,7261;27,14
06/06/2025;07:30:00;0;4,7059;27,06
06/06/2025;08:00:00;0;4,6887;26,97
06/06/2025;08:30:00;0;4,6641;27,18
06/06/2025;09:00:00;0;4,6501;26,96
06/06/2025;09:30:00;0;4,6329;26,46
06/06/2025;10:00:00;0;4,6016;26,03
06/06/2025;10:30:00;0;4,5945;26,12
06/06/2025;11:00:00;0;4,5653;26,07
06/06/2025;11:30:00;0;4,5569;25,49
06/06/2025;12:00:00;0;4,5625;25,26
06/06/2025;12:30:00;0;4,5579;25,21
06/06/2025;13:00:00;0;4,5547;25,12
06/06/2025;13:30:00;0;4,5747;25,00
06/06/2025;14:00:00;0;4,5884;24,92
06/06/2025;14:30:00;0;4,6004;23,85
06/06/2025;15:00:00;0;4,6289;24,53
06/06/2025;15:30:00;0;4,6311;24,18
06/06/2025;16:00:00;0;4,6508;23,77
06/06/2025;16:30:00;0;4,6801;24,08
06/06/2025;17:00:00;0;4,6814;23,14
06/06/2025;17:30:00;0;4,7051;23,15
06/06/2025;18:00:00;0;4,6966;24,28
06/06/2025;18:30:00;0;4,7024;23,31
06/06/2025;19:00:00;0;4,7099;23,82
06/06/2025;19:30:00;0;4,7000;23,49
06/06/2025;20:00:00;0;4,7073;23,79
06/06/2025;20:30:00;0;4,6729;23,75
06/06/2025;21:00:00;0;4,6656;24,52
06/06/2025;21:30:00;0;4,6500;23,78
06/06/2025;22:00:00;0;4,6309;24,58
06/06/2025;22:30:00;0;4,6262;24,49
06/06/2025;23:00:00;0;4,5980;24,70
06/06/2025;23:30:00;0;4,5905;25,49
07/06/2025;00:00:00;0;4,5789;25,20
07/06/2025;00:30:00;0;4,5951;25,68
07/06/2025;01:00:00;0;4,5916;26,09
07/06/2025;01:30:00;0;4,6025;26,19
07/06/2025;02:00:00;0;4,6128;26,58
07/06/2025;02:30:00;0;4,6201;26,90
07/06/2025;03:00:00;0;4,6507;26,83
07/06/2025;03:30:00;0;4,6697;26,82
07/06/2025;04:00:00;0;4,6990;27,02
07/06/2025;04:30:00;0;4,7088;27,02
07/06/2025;05:00:00;0;4,7170;27,51
07/06/2025;05:30:00;0;4,7312;27,06
07/06/2025;06:00:00;0;4,7582;27,39
07/06/2025;06:30:00;0;4,7343;27,47
07/06/2025;07:00:00;0;4,7328;27,01
07/06/2025;07:30:00;0;4,7340;26,69
07/06/2025;08:00:00;0;4,7321;27,30
07/06/2025;08:30:00;0;4,7009;26,94
07/06/2025;09:00:00;0;4,6706;26,73
07/06/2025;09:30:00;0;4,6722;26,58
07/06/2025;10:00:00;0;4,6239;26,44
07/06/2025;10:30:00;0;4,6125;26,29
07/06/2025;11:00:00;0;4,5936;25,92
07/06/2025;11:30:00;0;4,5656;25,53
07/06/2025;12:00:00;0;4,5524;25,64
07/06/2025;12:30:00;0;4,5526;25,46
07/06/2025;13:00:00;0;4,5241;24,83
07/06/2025;13:30:00;0;4,5457;24,22
07/06/2025;14:00:00;0;4,5541;24,90
07/06/2025;14:30:00;0;4,5704;24,65
07/06/2025;15:00:00;0;4,5729;24,45
07/06/2025;15:30:00;0;4,6019;23,93
07/06/2025;16:00:00;0;4,6159;24,28
07/06/2025;16:30:00;0;4,6387;23,96
07/06/2025;17:00:00;0;4,6590;23,66
07/06/2025;17:30:00;0;4,6895;23,49
07/06/2025;18:00:00;0;4,7042;24,19
07/06/2025;18:30:00;0;4,7204;23,76
07/06/2025;19:00:00;0;4,7015;23,75
07/06/2025;19:30:00;0;4,7109;23,55
07/06/2025;20:00:00;0;4,7181;24,16
07/06/2025;20:30:00;0;4,7167;24,00
07/06/2025;21:00:00;0;4,6848;24,74
07/06/2025;21:30:00;0;4,6574;24,45
07/06/2025;22:00:00;0;4,6477;24,75
07/06/2025;22:30:00;0;4,6316;24,56
07/06/2025;23:00:00;0;4,6185;24,67
07/06/2025;23:30:00;0;4,6055;24,98
08/06/2025;00:00:00;0;4,5868;25,34
08/06/2025;00:30:00;0;4,5742;25,33
08/06/2025;01:00:00;0;4,5852;25,63
08/06/2025;01:30:00;0;4,5684;25,78
08/06/2025;02:00:00;0;4,5790;26,51
08/06/2025;02:30:00;0;4,5994;26,83
08/06/2025;03:00:00;0;4,6063;26,53
08/06/2025;03:30:00;0;4,6311;27,36
08/06/2025;04:00:00;0;4,6604;27,17
08/06/2025;04:30:00;0;4,6718;27,17
08/06/2025;05:00:00;0;4,7011;27,31
08/06/2025;05:30:00;0;4,7199;27,80
08/06/2025;06:00:00;0;4,7576;27,50
08/06/2025;06:30:00;0;4,7546;27,61
08/06/2025;07:00:00;0;4,7511;28,14
08/06/2025;07:30:00;0;4,7580;27,09
08/06/2025;08:00:00;0;4,7392;26,99
08/06/2025;08:30:00;0;4,7340;27,06
08/06/2025;09:00:00;0;4,7007;26,48
08/06/2025;09:30:00;0;4,6936;26,40
08/06/2025;10:00:00;0;4,6608;26,15
08/06/2025;10:30:00;0;4,6228;26,72
08/06/2025;11:00:00;0;4,6077;26,12
08/06/2025;11:30:00;0;4,5859;25,60
08/06/2025;12:00:00;0;4,5571;25,24
08/06/2025;12:30:00;0;4,5397;25,47
08/06/2025;13:00:00;0;4,5123;25,31
08/06/2025;13:30:00;0;4,5263;24,69
08/06/2025;14:00:00;0;4,5003;24,88
08/06/2025;14:30:00;0;4,5236;24,22
08/06/2025;15:00:00;0;4,5544;24,59
08/06/2025;15:30:00;0;4,5492;24,23
08/06/2025;16:00:00;0;4,5674;23,86
08/06/2025;16:30:00;0;4,6003;23,43
08/06/2025;17:00:00;0;4,6368;23,78
08/06/2025;17:30:00;0;4,6579;23,86
08/06/2025;18:00:00;0;4,6910;24,26
08/06/2025;18:30:00;0;4,7005;23,58
08/06/2025;19:00:00;0;4,7088;23,71
08/06/2025;19:30:00;0;4,7294;23,58
08/06/2025;20:00:00;0;4,7229;24,08
08/06/2025;20:30:00;0;4,7250;24,00
08/06/2025;21:00:00;0;4,7231;23,92
08/06/2025;21:30:00;0;4,6984;24,30
08/06/2025;22:00:00;0;4,6868;24,51
08/06/2025;22:30:00;0;4,6442;24,54
08/06/2025;23:00:00;0;4,6275;25,11
08/06/2025;23:30:00;0;4,6106;25,07
09/06/2025;00:00:00;0;4,5784;25,34
09/06/2025;00:30:00;0;4,5840;25,71
09/06/2025;01:00:00;0;4,5692;25,46
09/06/2025;01:30:00;0;4,5609;26,22
09/06/2025;02:00:00;0;4,5595;26,27
09/06/2025;02:30:00;0;4,5643;26,35
09/06/2025;03:00:00;0;4,5675;27,31
09/06/2025;03:30:00;0;4,5920;27,04
09/06/2025;04:00:00;0;4,6159;26,81
09/06/2025;04:30:00;0;4,6460;26,70
09/06/2025;05:00:00;0;4,6695;27,00
09/06/2025;05:30:00;0;4,6977;27,66
09/06/2025;06:00:00;0;4,7101;26,63
09/06/2025;06:30:00;0;4,7314;27,39
09/06/2025;07:00:00;0;4,7555;26,89
09/06/2025;07:30:00;0;4,7658;27,21
09/06/2025;08:00:00;0;4,7497;27,72
09/06/2025;08:30:00;0;4,7547;27,26
09/06/2025;09:00:00;0;4,7474;26,87
09/06/2025;09:30:00;0;4,7184;26,50
09/06/2025;10:00:00;0;4,6967;26,61
09/06/2025;10:30:00;0;4,6627;25,91
09/06/2025;11:00:00;0;4,6353;25,64
09/06/2025;11:30:00;0;4,6021;25,74
09/06/2025;12:00:00;0;4,5627;26,03
09/06/2025;12:30:00;0;4,5612;25,34
09/06/2025;13:00:00;0;4,5293;25,37
09/06/2025;13:30:00;0;4,5112;24,62
09/06/2025;14:00:00;0;4,5141;24,63
09/06/2025;14:30:00;0;4,5049;23,96
09/06/2025;15:00:00;0;4,5153;24,26
09/06/2025;15:30:00;0;4,5142;23,87
09/06/2025;16:00:00;0;4,5395;24,29
09/06/2025;16:30:00;0;4,5786;24,03
09/06/2025;17:00:00;0;4,6077;23,93
09/06/2025;17:30:00;0;4,6394;24,07
09/06/2025;18:00:00;0;4,6644;23,57
09/06/2025;18:30:00;0;4,6911;23,01
09/06/2025;19:00:00;0;4,6955;23,22
09/06/2025;19:30:00;0;4,7030;23,81
09/06/2025;20:00:00;0;4,7084;23,53
09/06/2025;20:30:00;0;4,7276;23,81
09/06/2025;21:00:00;0;4,7244;24,01
09/06/2025;21:30:00;0;4,7249;24,45
09/06/2025;22:00:00;0;4,6976;23,73
09/06/2025;22:30:00;0;4,6897;24,97
09/06/2025;23:00:00;0;4,6421;25,17
09/06/2025;23:30:00;0;4,6432;25,20
10/06/2025;00:00:00;0;4,6037;25,42
10/06/2025;00:30:00;0;4,5943;26,24
10/06/2025;01:00:00;0;4,5706;25,94
10/06/2025;01:30:00;0;4,5456;25,40
10/06/2025;02:00:00;0;4,5492;26,75
10/06/2025;02:30:00;0;4,5404;26,20
10/06/2025;03:00:00;0;4,5554;26,75
10/06/2025;03:30:00;0;4,5693;27,37
10/06/2025;04:00:00;0;4,5843;26,72
10/06/2025;04:30:00;0;4,6052;27,03
10/06/2025;05:00:00;0;4,6301;27,40
10/06/2025;05:30:00;0;4,6609;27,18
10/06/2025;06:00:00;0;4,6697;27,48
10/06/2025;06:30:00;0;4,7203;27,09
10/06/2025;07:00:00;0;4,7357;27,07
10/06/2025;07:30:00;0;4,7509;27,11
10/06/2025;08:00:00;0;4,7546;26,98
10/06/2025;08:30:00;0;4,7626;27,02
10/06/2025;09:00:00;0;4,7547;27,02
10/06/2025;09:30:00;0;4,7544;26,97
10/06/2025;10:00:00;0;4,7141;25,98
10/06/2025;10:30:00;0;4,7074;26,05
10/06/2025;11:00:00;0;4,6634;25,95
10/06/2025;11:30:00;0;4,6402;26,02
10/06/2025;12:00:00;0;4,6027;25,74
10/06/2025;12:30:00;0;4,5674;24,95
10/06/2025;13:00:00;0;4,5291;25,62
10/06/2025;13:30:00;0;4,5316;24,74
10/06/2025;14:00:00;0;4,4922;25,29
10/06/2025;14:30:00;0;4,4968;24,15
10/06/2025;15:00:00;0;4,5055;24,04
10/06/2025;15:30:00;0;4,5156;24,53
10/06/2025;16:00:00;0;4,5171;23,80
10/06/2025;16:30:00;0;4,5243;23,85
10/06/2025;17:00:00;0;4,5585;24,10
10/06/2025;17:30:00;0;4,5891;23,88
10/06/2025;18:00:00;0;4,6111;24,31
10/06/2025;18:30:00;0;4,6563;23,52
10/06/2025;19:00:00;0;4,6757;23,82
10/06/2025;19:30:00;0;4,6965;23,62
10/06/2025;20:00:00;0;4,7134;24,16
10/06/2025;20:30:00;0;4,7109;24,36
10/06/2025;21:00:00;0;4,7218;24,38
10/06/2025;21:30:00;0;4,7146;24,08
10/06/2025;22:00:00;0;4,7253;24,75
10/06/2025;22:30:00;0;4,6971;24,51
10/06/2025;23:00:00;0;4,6815;24,81
10/06/2025;23:30:00;0;4,6557;25,13
11/06/2025;00:00:00;0;4,6301;25,53
11/06/2025;00:30:00;0;4,6152;25,87
11/06/2025;01:00:00;0;4,5837;25,74
11/06/2025;01:30:00;0;4,5618;26,11
11/06/2025;02:00:00;0;4,5430;26,96
11/06/2025;02:30:00;0;4,5484;26,53
11/06/2025;03:00:00;0;4,5173;26,88
11/06/2025;03:30:00;0;4,5515;26,72
11/06/2025;04:00:00;0;4,5458;27,72
11/06/2025;04:30:00;0;4,5752;26,94
11/06/2025;05:00:00;0;4,5904;27,16
11/06/2025;05:30:00;0;4,6210;27,18
11/06/2025;06:00:00;0;4,6469;27,20
11/06/2025;06:30:00;0;4,6477;27,51
11/06/2025;07:00:00;0;4,6954;27,13
11/06/2025;07:30:00;0;4,7180;27,32
11/06/2025;08:00:00;0;4,7341;27,61
11/06/2025;08:30:00;0;4,7368;26,57
11/06/2025;09:00:00;0;4,7631;26,61
11/06/2025;09:30:00;0;4,7425;26,27
11/06/2025;10:00:00;0;4,7434;26,38
11/06/2025;10:30:00;0;4,7302;25,99
11/06/2025;11:00:00;0;4,6901;26,08
11/06/2025;11:30:00;0;4,6668;24,70
11/06/2025;12:00:00;0;4,6467;25,74
11/06/2025;12:30:00;0;4,6031;25,02
11/06/2025;13:00:00;0;4,5705;25,06
11/06/2025;13:30:00;0;4,5306;24,14
11/06/2025;14:00:00;0;4,5324;24,90
11/06/2025;14:30:00;0;4,5059;23,73
11/06/2025;15:00:00;0;4,4833;23,77
11/06/2025;15:30:00;0;4,5023;24,07
11/06/2025;16:00:00;0;4,4936;23,56
11/06/2025;16:30:00;0;4,5123;23,54
11/06/2025;17:00:00;0;4,5235;24,30
11/06/2025;17:30:00;0;4,5606;23,77
11/06/2025;18:00:00;0;4,5860;23,50
11/06/2025;18:30:00;0;4,6062;23,46
11/06/2025;19:00:00;0;4,6394;23,90
11/06/2025;19:30:00;0;4,6768;23,98
11/06/2025;20:00:00;0;4,6909;23,76
11/06/2025;20:30:00;0;4,7008;23,39
11/06/2025;21:00:00;0;4,7304;23,93
11/06/2025;21:30:00;0;4,7150;23,56
11/06/2025;22:00:00;0;4,7217;24,19
11/06/2025;22:30:00;0;4,6987;24,88
11/06/2025;23:00:00;0;4,6887;25,36
11/06/2025;23:30:00;0;4,6687;25,55
12/06/2025;00:00:00;0;4,6550;25,58
12/06/2025;00:30:00;0;4,6327;25,94
12/06/2025;01:00:00;0;4,5947;25,43
12/06/2025;01:30:00;0;4,5817;26,28
12/06/2025;02:00:00;0;4,5524;25,78
12/06/2025;02:30:00;0;4,5461;26,20
12/06/2025;03:00:00;0;4,5215;26,75
12/06/2025;03:30:00;0;4,5308;27,49
12/06/2025;04:00:00;0;4,5282;26,81
12/06/2025;04:30:00;0;4,5449;26,81
12/06/2025;05:00:00;0;4,5782;27,35
12/06/2025;05:30:00;0;4,5850;27,45
12/06/2025;06:00:00;0;4,6183;26,89
12/06/2025;06:30:00;0;4,6440;27,27
12/06/2025;07:00:00;0;4,6515;26,96
12/06/2025;07:30:00;0;4,6918;27,32
12/06/2025;08:00:00;0;4,7220;27,13
12/06/2025;08:30:00;0;4,7160;26,92
12/06/2025;09:00:00;0;4,7369;26,69
12/06/2025;09:30:00;0;4,7717;26,68
12/06/2025;10:00:00;0;4,7459;26,09
12/06/2025;10:30:00;0;4,7281;26,66
12/06/2025;11:00:00;0;4,7182;26,55
12/06/2025;11:30:00;0;4,6860;25,97
12/06/2025;12:00:00;0;4,6686;25,16
12/06/2025;12:30:00;0;4,6389;25,77
12/06/2025;13:00:00;0;4,6041;24,59
12/06/2025;13:30:00;0;4,5889;25,02
12/06/2025;14:00:00;0;4,5624;24,82
12/06/2025;14:30:00;0;4,5369;24,46
12/06/2025;15:00:00;0;4,5022;24,52
12/06/2025;15:30:00;0;4,4974;24,52
12/06/2025;16:00:00;0;4,4839;23,58
12/06/2025;16:30:00;0;4,5056;24,18
12/06/2025;17:00:00;0;4,5064;23,55
12/06/2025;17:30:00;0;4,5258;23,71
12/06/2025;18:00:00;0;4,5449;23,38
12/06/2025;18:30:00;0;4,5793;23,60
12/06/2025;19:00:00;0;4,6057;23,76
12/06/2025;19:30:00;0;4,6223;23,69
12/06/2025;20:00:00;0;4,6707;23,99
12/06/2025;20:30:00;0;4,6802;23,97
12/06/2025;21:00:00;0;4,6881;24,13
12/06/2025;21:30:00;0;4,7143;24,34
12/06/2025;22:00:00;0;4,7091;24,43
12/06/2025;22:30:00;0;4,7254;25,24
12/06/2025;23:00:00;0;4,7165;24,66
12/06/2025;23:30:00;0;4,6932;25,76
13/06/2025;00:00:00;0;4,6906;25,38
13/06/2025;00:30:00;0;4,6408;25,34
13/06/2025;01:00:00;0;4,6264;25,50
13/06/2025;01:30:00;0;4,5973;26,01
13/06/2025;02:00:00;0;4,5678;26,35
13/06/2025;02:30:00;0;4,5463;26,69
13/06/2025;03:00:00;0;4,5472;27,29
13/06/2025;03:30:00;0;4,5292;26,52
13/06/2025;04:00:00;0;4,5162;27,26
13/06/2025;04:30:00;0;4,5256;27,39
13/06/2025;05:00:00;0;4,5607;26,94
13/06/2025;05:30:00;0;4,5538;27,42
13/06/2025;06:00:00;0;4,5657;27,76
13/06/2025;06:30:00;0;4,5946;27,64
13/06/2025;07:00:00;0;4,6309;27,04
13/06/2025;07:30:00;0;4,6464;27,59
13/06/2025;08:00:00;0;4,6717;27,11
13/06/2025;08:30:00;0;4,6927;26,87
13/06/2025;09:00:00;0;4,7092;26,65
13/06/2025;09:30:00;0;4,7203;26,83
13/06/2025;10:00:00;0;4,7424;26,40
13/06/2025;10:30:00;0;4,7250;26,36
13/06/2025;11:00:00;0;4,7216;25,87
13/06/2025;11:30:00;0;4,6818;25,70
13/06/2025;12:00:00;0;4,6935;25,62
13/06/2025;12:30:00;0;4,6721;25,37
13/06/2025;13:00:00;0;4,6310;24,93
13/06/2025;13:30:00;0;4,6122;24,81
13/06/2025;14:00:00;0;4,5716;24,48
13/06/2025;14:30:00;0;4,5593;24,43
13/06/2025;15:00:00;0;4,5360;23,81
13/06/2025;15:30:00;0;4,5016;23,89
13/06/2025;16:00:00;0;4,5146;24,26
13/06/2025;16:30:00;0;4,5160;23,90
13/06/2025;17:00:00;0;4,5037;23,75
13/06/2025;17:30:00;0;4,5085;23,35
13/06/2025;18:00:00;0;4,5296;23,73
13/06/2025;18:30:00;0;4,5502;23,63
13/06/2025;19:00:00;0;4,5807;23,60
13/06/2025;19:30:00;0;4,5984;24,27
13/06/2025;20:00:00;0;4,6233;23,38
13/06/2025;20:30:00;0;4,6552;24,11
13/06/2025;21:00:00;0;4,6753;24,55
13/06/2025;21:30:00;0;4,6852;24,72
13/06/2025;22:00:00;0;4,6934;24,77
13/06/2025;22:30:00;0;4,6954;24,87
13/06/2025;23:00:00;0;4,6986;24,98
13/06/2025;23:30:00;0;4,6881;25,36
14/06/2025;00:00:00;0;4,6820;25,50
14/06/2025;00:30:00;0;4,6756;25,71
14/06/2025;01:00:00;0;4,6445;25,98
14/06/2025;01:30:00;0;4,6222;26,52
14/06/2025;02:00:00;0;4,5848;26,40
14/06/2025;02:30:00;0;4,5885;26,38
14/06/2025;03:00:00;0;4,5562;26,44
14/06/2025;03:30:00;0;4,5508;27,00
14/06/2025;04:00:00;0;4,5363;26,49
14/06/2025;04:30:00;0;4,5246;27,49
14/06/2025;05:00:00;0;4,5314;26,98
14/06/2025;05:30:00;0;4,5249;27,41
14/06/2025;06:00:00;0;4,5406;27,71
14/06/2025;06:30:00;0;4,5769;27,48
14/06/2025;07:00:00;0;4,5761;27,68
14/06/2025;07:30:00;0;4,6102;27,90
14/06/2025;08:00:00;0;4,6301;27,32
14/06/2025;08:30:00;0;4,6453;26,58
14/06/2025;09:00:00;0;4,6853;27,22
14/06/2025;09:30:00;0;4,6870;26,73
14/06/2025;10:00:00;0;4,7088;26,77
14/06/2025;10:30:00;0;4,7231;26,52
14/06/2025;11:00:00;0;4,6982;25,64
14/06/2025;11:30:00;0;4,7014;26,12
14/06/2025;12:00:00;0;4,7013;25,22
14/06/2025;12:30:00;0;4,6751;25,18
14/06/2025;13:00:00;0;4,6672;24,58
14/06/2025;13:30:00;0;4,6392;25,24
14/06/2025;14:00:00;0;4,6122;24,52
14/06/2025;14:30:00;0;4,5908;24,50
14/06/2025;15:00:00;0;4,5571;23,64
14/06/2025;15:30:00;0;4,5335;23,79
14/06/2025;16:00:00;0;4,5138;24,14
14/06/2025;16:30:00;0;4,5232;24,19
14/06/2025;17:00:00;0;4,5054;23,71
14/06/2025;17:30:00;0;4,5286;23,42
14/06/2025;18:00:00;0;4,5121;23,62
14/06/2025;18:30:00;0;4,5222;23,71
14/06/2025;19:00:00;0;4,5345;23,83
14/06/2025;19:30:00;0;4,5831;23,78
14/06/2025;20:00:00;0;4,5932;24,31
14/06/2025;20:30:00;0;4,6193;23,80
14/06/2025;21:00:00;0;4,6269;24,37
14/06/2025;21:30:00;0;4,6671;24,48
14/06/2025;22:00:00;0;4,6602;24,87
14/06/2025;22:30:00;0;4,6809;24,38
14/06/2025;23:00:00;0;4,6866;24,95
14/06/2025;23:30:00;0;4,6969;25,34
15/06/2025;00:00:00;0;4,6775;25,75
15/06/2025;00:30:00;0;4,6717;25,77
15/06/2025;01:00:00;0;4,6608;26,22
15/06/2025;01:30:00;0;4,6443;26,16
15/06/2025;02:00:00;0;4,6265;26,27
15/06/2025;02:30:00;0;4,6120;26,19
15/06/2025;03:00:00;0;4,5935;27,06
15/06/2025;03:30:00;0;4,5664;27,89
15/06/2025;04:00:00;0;4,5510;26,56
15/06/2025;04:30:00;0;4,5443;27,03
15/06/2025;05:00:00;0;4,5369;26,94
15/06/2025;05:30:00;0;4,5336;27,34
15/06/2025;06:00:00;0;4,5395;27,88
15/06/2025;06:30:00;0;4,5479;27,16
15/06/2025;07:00:00;0;4,5624;27,60
15/06/2025;07:30:00;0;4,5680;27,18
15/06/2025;08:00:00;0;4,5919;26,73
15/06/2025;08:30:00;0;4,6051;26,62
15/06/2025;09:00:00;0;4,6149;27,08
15/06/2025;09:30:00;0;4,6405;26,50
15/06/2025;10:00:00;0;4,6643;26,83
15/06/2025;10:30:00;0;4,6688;26,31
15/06/2025;11:00:00;0;4,6748;26,07
15/06/2025;11:30:00;0;4,6886;25,38
15/06/2025;12:00:00;0;4,6934;25,38
15/06/2025;12:30:00;0;4,6798;24,70
15/06/2025;13:00:00;0;4,6707;25,18
15/06/2025;13:30:00;0;4,6381;24,76
15/06/2025;14:00:00;0;4,6366;25,03
15/06/2025;14:30:00;0;4,6258;24,22
15/06/2025;15:00:00;0;4,6036;24,30
15/06/2025;15:30:00;0;4,5758;23,92
15/06/2025;16:00:00;0;4,5666;24,21
15/06/2025;16:30:00;0;4,5433;23,47
15/06/2025;17:00:00;0;4,5307;23,77
15/06/2025;17:30:00;0;4,5341;23,58
15/06/2025;18:00:00;0;4,5308;23,03
15/06/2025;18:30:00;0;4,5289;23,43
15/06/2025;19:00:00;0;4,5387;24,15
15/06/2025;19:30:00;0;4,5630;24,15
15/06/2025;20:00:00;0;4,5646;23,89
15/06/2025;20:30:00;0;4,5880;24,52
15/06/2025;21:00:00;0;4,6076;24,36
15/06/2025;21:30:00;0;4,6306;24,62
15/06/2025;22:00:00;0;4,6400;24,60
15/06/2025;22:30:00;0;4,6559;24,57
15/06/2025;23:00:00;0;4,6761;25,00
15/06/2025;23:30:00;0;4,6679;25,68
16/06/2025;00:00:00;0;4,6717;25,41
16/06/2025;00:30:00;0;4,6618;24,93
16/06/2025;01:00:00;0;4,6752;26,06
16/06/2025;01:30:00;0;4,6539;26,02
16/06/2025;02:00:00;0;4,6418;25,61
16/06/2025;02:30:00;0;4,6156;26,50
16/06/2025;03:00:00;0;4,6101;26,67
16/06/2025;03:30:00;0;4,5891;26,90
16/06/2025;04:00:00;0;4,5774;27,19
16/06/2025;04:30:00;0;4,5638;27,06
16/06/2025;05:00:00;0;4,5534;27,25
16/06/2025;05:30:00;0;4,5595;27,01
16/06/2025;06:00:00;0;4,5312;26,94
16/06/2025;06:30:00;0;4,5408;27,28
16/06/2025;07:00:00;0;4,5384;27,07
16/06/2025;07:30:00;0;4,5495;26,97
16/06/2025;08:00:00;0;4,5621;26,77
16/06/2025;08:30:00;0;4,5818;26,91
16/06/2025;09:00:00;0;4,5895;26,32
16/06/2025;09:30:00;0;4,6056;26,36
16/06/2025;10:00:00;0;4,6244;26,12
16/06/2025;10:30:00;0;4,6330;26,62
16/06/2025;11:00:00;0;4,6411;26,08
16/06/2025;11:30:00;0;4,6513;25,76
16/06/2025;12:00:00;0;4,6593;26,01
16/06/2025;12:30:00;0;4,6452;24,82
16/06/2025;13:00:00;0;4,6633;25,14
16/06/2025;13:30:00;0;4,6509;25,15
16/06/2025;14:00:00;0;4,6474;24,54
16/06/2025;14:30:00;0;4,6307;24,26
16/06/2025;15:00:00;0;4,6063;24,09
16/06/2025;15:30:00;0;4,5960;24,15
16/06/2025;16:00:00;0;4,5864;24,00
16/06/2025;16:30:00;0;4,5639;23,70
16/06/2025;17:00:00;0;4,5699;24,10
16/06/2025;17:30:00;0;4,5432;24,06
16/06/2025;18:00:00;0;4,5576;23,89
16/06/2025;18:30:00;0;4,5460;23,17
16/06/2025;19:00:00;0;4,5473;23,78
16/06/2025;19:30:00;0;4,5398;23,78
16/06/2025;20:00:00;0;4,5531;23,57
16/06/2025;20:30:00;0;4,5644;24,19
16/06/2025;21:00:00;0;4,5901;23,88
16/06/2025;21:30:00;0;4,6095;24,63
16/06/2025;22:00:00;0;4,6228;24,87
16/06/2025;22:30:00;0;4,6035;24,77
16/06/2025;23:00:00;0;4,6369;25,51
16/06/2025;23:30:00;0;4,6365;24,89
17/06/2025;00:00:00;0;4,6556;25,98
17/06/2025;00:30:00;0;4,6563;25,80
17/06/2025;01:00:00;0;4,6503;25,90
17/06/2025;01:30:00;0;4,6504;26,12
17/06/2025;02:00:00;0;4,6612;26,88
17/06/2025;02:30:00;0;4,6455;26,61
17/06/2025;03:00:00;0;4,6320;26,67
17/06/2025;03:30:00;0;4,6244;27,61
17/06/2025;04:00:00;0;4,6019;27,10
17/06/2025;04:30:00;0;4,6010;27,84
17/06/2025;05:00:00;0;4,5794;27,19
17/06/2025;05:30:00;0;4,5791;27,44
17/06/2025;06:00:00;0;4,5440;27,01
17/06/2025;06:30:00;0;4,5558;27,05
17/06/2025;07:00:00;0;4,5436;27,19
17/06/2025;07:30:00;0;4,5361;26,69
17/06/2025;08:00:00;0;4,5391;26,89
17/06/2025;08:30:00;0;4,5530;26,63
17/06/2025;09:00:00;0;4,5631;26,62
17/06/2025;09:30:00;0;4,5650;26,90
17/06/2025;10:00:00;0;4,5770;26,32
17/06/2025;10:30:00;0;4,5862;26,07
17/06/2025;11:00:00;0;4,5975;25,68
17/06/2025;11:30:00;0;4,6264;25,86
17/06/2025;12:00:00;0;4,6273;25,56
17/06/2025;12:30:00;0;4,6401;25,69
17/06/2025;13:00:00;0;4,6311;25,16
17/06/2025;13:30:00;0;4,6382;25,08
17/06/2025;14:00:00;0;4,6350;24,68
17/06/2025;14:30:00;0;4,6396;24,86
17/06/2025;15:00:00;0;4,6290;23,80
17/06/2025;15:30:00;0;4,6308;24,19
17/06/2025;16:00:00;0;4,6111;23,64
17/06/2025;16:30:00;0;4,5962;23,37
17/06/2025;17:00:00;0;4,5810;23,71
17/06/2025;17:30:00;0;4,5744;23,41
17/06/2025;18:00:00;0;4,5752;23,94
17/06/2025;18:30:00;0;4,5591;23,77
17/06/2025;19:00:00;0;4,5573;23,52
17/06/2025;19:30:00;0;4,5614;23,60
17/06/2025;20:00:00;0;4,5638;24,15
17/06/2025;20:30:00;0;4,5498;24,10
17/06/2025;21:00:00;0;4,5602;24,59
17/06/2025;21:30:00;0;4,5615;24,19
17/06/2025;22:00:00;0;4,5811;25,28
17/06/2025;22:30:00;0;4,5908;24,60
17/06/2025;23:00:00;0;4,6042;24,38
17/06/2025;23:30:00;0;4,6043;25,30
18/06/2025;00:00:00;0;4,6221;26,00
18/06/2025;00:30:00;0;4,6213;25,51
18/06/2025;01:00:00;0;4,6480;25,56
18/06/2025;01:30:00;0;4,6434;25,50
18/06/2025;02:00:00;0;4,6463;26,03
18/06/2025;02:30:00;0;4,6520;26,51
18/06/2025;03:00:00;0;4,6535;26,76
18/06/2025;03:30:00;0;4,6370;27,02
18/06/2025;04:00:00;0;4,6343;27,47
18/06/2025;04:30:00;0;4,6252;26,86
18/06/2025;05:00:00;0;4,6097;27,46
18/06/2025;05:30:00;0;4,5921;27,23
18/06/2025;06:00:00;0;4,5813;27,74
18/06/2025;06:30:00;0;4,5808;27,37
18/06/2025;07:00:00;0;4,5649;27,34
18/06/2025;07:30:00;0;4,5463;27,26
18/06/2025;08:00:00;0;4,5431;26,84
18/06/2025;08:30:00;0;4,5488;26,63
18/06/2025;09:00:00;0;4,5405;26,76
18/06/2025;09:30:00;0;4,5364;26,28
18/06/2025;10:00:00;0;4,5357;26,85
18/06/2025;10:30:00;0;4,5528;25,77
18/06/2025;11:00:00;0;4,5711;26,02
18/06/2025;11:30:00;0;4,5665;25,80
18/06/2025;12:00:00;0;4,5709;25,34
18/06/2025;12:30:00;0;4,5806;25,15
18/06/2025;13:00:00;0;4,6049;25,08
18/06/2025;13:30:00;0;4,5901;25,08
18/06/2025;14:00:00;0;4,6093;24,64
18/06/2025;14:30:00;0;4,6166;24,50
18/06/2025;15:00:00;0;4,6166;24,24
18/06/2025;15:30:00;0;4,6365;24,87
18/06/2025;16:00:00;0;4,6218;23,58
18/06/2025;16:30:00;0;4,6163;23,13
18/06/2025;17:00:00;0;4,6182;24,18
18/06/2025;17:30:00;0;4,6020;24,08
18/06/2025;18:00:00;0;4,5814;23,80
18/06/2025;18:30:00;0;4,5875;23,29
18/06/2025;19:00:00;0;4,5732;24,17
18/06/2025;19:30:00;0;4,5654;24,09
18/06/2025;20:00:00;0;4,5723;24,15
18/06/2025;20:30:00;0;4,5526;24,47
18/06/2025;21:00:00;0;4,5561;24,06
18/06/2025;21:30:00;0;4,5572;24,08
18/06/2025;22:00:00;0;4,5609;24,64
18/06/2025;22:30:00;0;4,5807;24,77
18/06/2025;23:00:00;0;4,5642;24,83
18/06/2025;23:30:00;0;4,5805;25,29
19/06/2025;00:00:00;0;4,5991;25,13
19/06/2025;00:30:00;0;4,6024;25,69
19/06/2025;01:00:00;0;4,6078;26,24
19/06/2025;01:30:00;0;4,6198;25,75
19/06/2025;02:00:00;0;4,6424;26,13
19/06/2025;02:30:00;0;4,6303;26,28
19/06/2025;03:00:00;0;4,6596;26,24
19/06/2025;03:30:00;0;4,6614;26,99
19/06/2025;04:00:00;0;4,6494;26,99
19/06/2025;04:30:00;0;4,6466;26,84
19/06/2025;05:00:00;0;4,6423;27,37
19/06/2025;05:30:00;0;4,6260;27,09
19/06/2025;06:00:00;0;4,6210;27,31
19/06/2025;06:30:00;0;4,5888;27,10
19/06/2025;07:00:00;0;4,5785;27,31
19/06/2025;07:30:00;0;4,5701;27,44
19/06/2025;08:00:00;0;4,5576;26,65
19/06/2025;08:30:00;0;4,5552;26,93
19/06/2025;09:00:00;0;4,5413;26,65
19/06/2025;09:30:00;0;4,5390;26,41
19/06/2025;10:00:00;0;4,5261;26,33
19/06/2025;10:30:00;0;4,5254;26,00
19/06/2025;11:00:00;0;4,5281;26,28
19/06/2025;11:30:00;0;4,5238;25,65
19/06/2025;12:00:00;0;4,5286;25,40
19/06/2025;12:30:00;0;4,5408;25,72
19/06/2025;13:00:00;0;4,5448;25,20
19/06/2025;13:30:00;0;4,5637;24,62
19/06/2025;14:00:00;0;4,5780;24,47
19/06/2025;14:30:00;0;4,5833;24,43
19/06/2025;15:00:00;0;4,5961;24,12
19/06/2025;15:30:00;0;4,6061;23,87
19/06/2025;16:00:00;0;4,6270;23,87
19/06/2025;16:30:00;0;4,6314;23,57
19/06/2025;17:00:00;0;4,6178;24,18
19/06/2025;17:30:00;0;4,6290;24,06
19/06/2025;18:00:00;0;4,6173;23,44
19/06/2025;18:30:00;0;4,6023;23,95
19/06/2025;19:00:00;0;4,6004;23,64
19/06/2025;19:30:00;0;4,5866;23,48
19/06/2025;20:00:00;0;4,5761;23,88
19/06/2025;20:30:00;0;4,5615;24,28
19/06/2025;21:00:00;0;4,5632;24,59
19/06/2025;21:30:00;0;4,5440;24,34
19/06/2025;22:00:00;0;4,5443;24,55
19/06/2025;22:30:00;0;4,5523;25,03
19/06/2025;23:00:00;0;4,5605;25,33
19/06/2025;23:30:00;0;4,5514;24,76
20/06/2025;00:00:00;0;4,5582;25,83
20/06/2025;00:30:00;0;4,5734;25,39
20/06/2025;01:00:00;0;4,5769;26,27
20/06/2025;01:30:00;0;4,6014;26,62
20/06/2025;02:00:00;0;4,5876;26,41
20/06/2025;02:30:00;0;4,6202;26,37
20/06/2025;03:00:00;0;4,6242;26,67
20/06/2025;03:30:00;0;4,6411;27,26
20/06/2025;04:00:00;0;4,6591;26,80
20/06/2025;04:30:00;0;4,6525;26,65
20/06/2025;05:00:00;0;4,6520;27,37
20/06/2025;05:30:00;0;4,6514;27,27
20/06/2025;06:00:00;0;4,6427;27,10
20/06/2025;06:30:00;0;4,6351;27,55
20/06/2025;07:00:00;0;4,6198;27,48
20/06/2025;07:30:00;0;4,6005;27,17
20/06/2025;08:00:00;0;4,5793;26,99
20/06/2025;08:30:00;0;4,5761;26,70
20/06/2025;09:00:00;0;4,5513;26,71
20/06/2025;09:30:00;0;4,5285;25,92
20/06/2025;10:00:00;0;4,5135;25,95
20/06/2025;10:30:00;0;4,5135;25,95
20/06/2025;11:00:00;0;4,4967;26,06
20/06/2025;11:30:00;0;4,5029;25,09
20/06/2025;12:00:00;0;4,5080;25,38
20/06/2025;12:30:00;0;4,5301;25,49
20/06/2025;13:00:00;0;4,5153;25,01
20/06/2025;13:30:00;0;4,5374;24,55
20/06/2025;14:00:00;0;4,5268;24,94
20/06/2025;14:30:00;0;4,5498;24,68
20/06/2025;15:00:00;0;4,5721;24,55
20/06/2025;15:30:00;0;4,5895;24,03
20/06/2025;16:00:00;0;4,5900;23,77
20/06/2025;16:30:00;0;4,6205;23,44
20/06/2025;17:00:00;0;4,6280;23,61
20/06/2025;17:30:00;0;4,6306;23,61
20/06/2025;18:00:00;0;4,6356;23,69
20/06/2025;18:30:00;0;4,6247;24,03
20/06/2025;19:00:00;0;4,6323;23,81
20/06/2025;19:30:00;0;4,6164;23,85
20/06/2025;20:00:00;0;4,6022;23,62
20/06/2025;20:30:00;0;4,5954;23,79
20/06/2025;21:00:00;0;4,5699;24,18
20/06/2025;21:30:00;0;4,5616;24,52
20/06/2025;22:00:00;0;4,5484;24,72
20/06/2025;22:30:00;0;4,5445;24,70
20/06/2025;23:00:00;0;4,5314;24,92
20/06/2025;23:30:00;0;4,5338;24,62
21/06/2025;00:00:00;0;4,5205;26,10
21/06/2025;00:30:00;0;4,5278;25,69
21/06/2025;01:00:00;0;4,5465;25,59
21/06/2025;01:30:00;0;4,5561;25,83
21/06/2025;02:00:00;0;4,5639;26,38
21/06/2025;02:30:00;0;4,5885;26,40
21/06/2025;03:00:00;0;4,6058;26,79
21/06/2025;03:30:00;0;4,6274;26,48
21/06/2025;04:00:00;0;4,6396;27,00
21/06/2025;04:30:00;0;4,6425;27,52
21/06/2025;05:00:00;0;4,6601;27,04
21/06/2025;05:30:00;0;4,6709;26,97
21/06/2025;06:00:00;0;4,6708;26,97
21/06/2025;06:30:00;0;4,6554;27,03
21/06/2025;07:00:00;0;4,6627;27,13
21/06/2025;07:30:00;0;4,6333;27,50
21/06/2025;08:00:00;0;4,6220;27,35
21/06/2025;08:30:00;0;4,5890;26,45
21/06/2025;09:00:00;0;4,5821;26,69
21/06/2025;09:30:00;0;4,5617;26,22
21/06/2025;10:00:00;0;4,5355;26,32
21/06/2025;10:30:00;0;4,5186;25,93
21/06/2025;11:00:00;0;4,4949;26,12
21/06/2025;11:30:00;0;4,4936;25,67
21/06/2025;12:00:00;0;4,4753;25,85
21/06/2025;12:30:00;0;4,4832;25,31
21/06/2025;13:00:00;0;4,4819;25,50
21/06/2025;13:30:00;0;4,4892;24,83
21/06/2025;14:00:00;0;4,5009;24,33
21/06/2025;14:30:00;0;4,5181;24,85
21/06/2025;15:00:00;0;4,5322;24,16
21/06/2025;15:30:00;0;4,5428;23,48
21/06/2025;16:00:00;0;4,5868;24,06
21/06/2025;16:30:00;0;4,6104;24,17
21/06/2025;17:00:00;0;4,6143;23,51
21/06/2025;17:30:00;0;4,6191;23,63
21/06/2025;18:00:00;0;4,6388;23,88
21/06/2025;18:30:00;0;4,6301;23,71
21/06/2025;19:00:00;0;4,6474;23,75
21/06/2025;19:30:00;0;4,6488;23,35
21/06/2025;20:00:00;0;4,6338;23,59
21/06/2025;20:30:00;0;4,6200;23,64
21/06/2025;21:00:00;0;4,5874;24,48
21/06/2025;21:30:00;0;4,5819;24,47
21/06/2025;22:00:00;0;4,5572;24,55
21/06/2025;22:30:00;0;4,5635;25,10
21/06/2025;23:00:00;0;4,5344;25,51
21/06/2025;23:30:00;0;4,5232;25,31
22/06/2025;00:00:00;0;4,5200;25,13
22/06/2025;00:30:00;0;4,5236;25,68
22/06/2025;01:00:00;0;4,5202;25,31
22/06/2025;01:30:00;0;4,5197;25,98
22/06/2025;02:00:00;0;4,5375;26,36
22/06/2025;02:30:00;0;4,5564;26,09
22/06/2025;03:00:00;0;4,5676;26,82
22/06/2025;03:30:00;0;4,5962;27,15
22/06/2025;04:00:00;0;4,6065;26,86
22/06/2025;04:30:00;0;4,6354;26,97
22/06/2025;05:00:00;0;4,6589;27,48
22/06/2025;05:30:00;0;4,6658;27,42
22/06/2025;06:00:00;0;4,6680;27,68
22/06/2025;06:30:00;0;4,6797;27,62
22/06/2025;07:00:00;0;4,6841;26,83
22/06/2025;07:30:00;0;4,6728;26,96
22/06/2025;08:00:00;0;4,6501;26,73
22/06/2025;08:30:00;0;4,6367;26,83
22/06/2025;09:00:00;0;4,6174;26,28
22/06/2025;09:30:00;0;4,6143;26,54
22/06/2025;10:00:00;0;4,5708;26,30
22/06/2025;10:30:00;0;4,5384;26,38
22/06/2025;11:00:00;0;4,5236;26,41
22/06/2025;11:30:00;0;4,4938;26,22
22/06/2025;12:00:00;0;4,4761;24,82
22/06/2025;12:30:00;0;4,4796;25,33
22/06/2025;13:00:00;0;4,4683;25,03
22/06/2025;13:30:00;0;4,4647;24,38
22/06/2025;14:00:00;0;4,4602;25,05
22/06/2025;14:30:00;0;4,4582;24,27
22/06/2025;15:00:00;0;4,4967;24,40
22/06/2025;15:30:00;0;4,5110;24,39
22/06/2025;16:00:00;0;4,5488;23,87
22/06/2025;16:30:00;0;4,5736;24,33
22/06/2025;17:00:00;0;4,5794;23,15
22/06/2025;17:30:00;0;4,5992;24,08
22/06/2025;18:00:00;0;4,6258;23,31
22/06/2025;18:30:00;0;4,6408;23,98
22/06/2025;19:00:00;0;4,6580;23,47
22/06/2025;19:30:00;0;4,6403;23,73
22/06/2025;20:00:00;0;4,6335;24,19
22/06/2025;20:30:00;0;4,6355;24,34
22/06/2025;21:00:00;0;4,6224;24,77
22/06/2025;21:30:00;0;4,6063;24,88
22/06/2025;22:00:00;0;4,5991;24,32
22/06/2025;22:30:00;0;4,5631;24,73
22/06/2025;23:00:00;0;4,5538;25,29
22/06/2025;23:30:00;0;4,5272;25,32
23/06/2025;00:00:00;0;4,5155;25,30
23/06/2025;00:30:00;0;4,5102;25,80
23/06/2025;01:00:00;0;4,4946;26,20
23/06/2025;01:30:00;0;4,4865;26,47
23/06/2025;02:00:00;0;4,4944;26,86
23/06/2025;02:30:00;0;4,5152;26,36
23/06/2025;03:00:00;0;4,5194;26,77
23/06/2025;03:30:00;0;4,5429;27,08
23/06/2025;04:00:00;0;4,5715;26,66
23/06/2025;04:30:00;0;4,5922;26,98
23/06/2025;05:00:00;0;4,6300;27,13
23/06/2025;05:30:00;0;4,6499;26,93
23/06/2025;06:00:00;0;4,6449;26,88
23/06/2025;06:30:00;0;4,6793;27,67
23/06/2025;07:00:00;0;4,6794;26,79
23/06/2025;07:30:00;0;4,6808;27,48
23/06/2025;08:00:00;0;4,6905;27,26
23/06/2025;08:30:00;0;4,6651;26,68
23/06/2025;09:00:00;0;4,6463;27,01
23/06/2025;09:30:00;0;4,6163;26,39
23/06/2025;10:00:00;0;4,5986;26,29
23/06/2025;10:30:00;0;4,5725;26,03
23/06/2025;11:00:00;0;4,5451;25,77
23/06/2025;11:30:00;0;4,5083;26,04
23/06/2025;12:00:00;0;4,5007;25,55
23/06/2025;12:30:00;0;4,4672;25,45
23/06/2025;13:00:00;0;4,4644;25,13
23/06/2025;13:30:00;0;4,4466;25,75
23/06/2025;14:00:00;0;4,4545;24,29
23/06/2025;14:30:00;0;4,4635;24,58
23/06/2025;15:00:00;0;4,4540;24,72
23/06/2025;15:30:00;0;4,4797;23,88
23/06/2025;16:00:00;0;4,5003;23,95
23/06/2025;16:30:00;0;4,5341;24,35
23/06/2025;17:00:00;0;4,5483;24,40
23/06/2025;17:30:00;0;4,5721;24,19
23/06/2025;18:00:00;0;4,6306;24,41
23/06/2025;18:30:00;0;4,6317;23,88
23/06/2025;19:00:00;0;4,6539;23,85
23/06/2025;19:30:00;0;4,6535;24,23
23/06/2025;20:00:00;0;4,6618;24,49
23/06/2025;20:30:00;0;4,6590;23,90
23/06/2025;21:00:00;0;4,6494;24,89
23/06/2025;21:30:00;0;4,6283;24,53
23/06/2025;22:00:00;0;4,6106;24,35
23/06/2025;22:30:00;0;4,6007;25,34
23/06/2025;23:00:00;0;4,5609;25,01
23/06/2025;23:30:00;0;4,5488;25,05
24/06/2025;00:00:00;0;4,5214;25,79
24/06/2025;00:30:00;0;4,5028;25,62
24/06/2025;01:00:00;0;4,4953;25,71
24/06/2025;01:30:00;0;4,4807;26,65
24/06/2025;02:00:00;0;4,4630;26,03
24/06/2025;02:30:00;0;4,4951;26,62
24/06/2025;03:00:00;0;4,4983;27,15
24/06/2025;03:30:00;0;4,5198;27,09
24/06/2025;04:00:00;0;4,5456;26,75
24/06/2025;04:30:00;0;4,5623;27,03
24/06/2025;05:00:00;0;4,5996;27,06
24/06/2025;05:30:00;0;4,6132;27,56
24/06/2025;06:00:00;0;4,6585;26,95
24/06/2025;06:30:00;0;4,6501;28,00
24/06/2025;07:00:00;0;4,6780;27,16
24/06/2025;07:30:00;0;4,6820;27,14
24/06/2025;08:00:00;0;4,6804;26,67
24/06/2025;08:30:00;0;4,6740;27,02
24/06/2025;09:00:00;0;4,6734;26,65
24/06/2025;09:30:00;0;4,6380;26,43
24/06/2025;10:00:00;0;4,6299;25,90
24/06/2025;10:30:00;0;4,6062;26,64
24/06/2025;11:00:00;0;4,5616;26,00
24/06/2025;11:30:00;0;4,5329;25,38
24/06/2025;12:00:00;0;4,4965;25,31
24/06/2025;12:30:00;0;4,4790;25,51
24/06/2025;13:00:00;0;4,4561;25,02
24/06/2025;13:30:00;0;4,4377;24,95
24/06/2025;14:00:00;0;4,4251;24,26
24/06/2025;14:30:00;0;4,4337;24,72
24/06/2025;15:00:00;0;4,4369;23,75
24/06/2025;15:30:00;0;4,4402;24,04
24/06/2025;16:00:00;0;4,4613;23,38
24/06/2025;16:30:00;0;4,4855;23,96
24/06/2025;17:00:00;0;4,5040;23,90
24/06/2025;17:30:00;0;4,5454;23,71
24/06/2025;18:00:00;0;4,5782;23,86
24/06/2025;18:30:00;0;4,6019;23,98
24/06/2025;19:00:00;0;4,6182;23,43
24/06/2025;19:30:00;0;4,6486;23,70
24/06/2025;20:00:00;0;4,6615;23,64
24/06/2025;20:30:00;0;4,6507;24,41
24/06/2025;21:00:00;0;4,6549;23,61
24/06/2025;21:30:00;0;4,6521;24,04
24/06/2025;22:00:00;0;4,6291;24,37
24/06/2025;22:30:00;0;4,6198;24,67
24/06/2025;23:00:00;0;4,6006;25,45
24/06/2025;23:30:00;0;4,5623;24,94
25/06/2025;00:00:00;0;4,5374;25,42
25/06/2025;00:30:00;0;4,5150;25,74
25/06/2025;01:00:00;0;4,5027;26,16
25/06/2025;01:30:00;0;4,4866;26,16
25/06/2025;02:00:00;0;4,4593;26,47
25/06/2025;02:30:00;0;4,4575;26,60
25/06/2025;03:00:00;0;4,4641;26,85
25/06/2025;03:30:00;0;4,4809;26,98
25/06/2025;04:00:00;0;4,4901;26,56
25/06/2025;04:30:00;0;4,5295;27,23
25/06/2025;05:00:00;0;4,5479;27,19
25/06/2025;05:30:00;0;4,5829;27,21
25/06/2025;06:00:00;0;4,6121;27,45
25/06/2025;06:30:00;0;4,6222;27,57
25/06/2025;07:00:00;0;4,6703;27,65
25/06/2025;07:30:00;0;4,6818;27,23
25/06/2025;08:00:00;0;4,6824;27,04
25/06/2025;08:30:00;0;4,6777;27,01
25/06/2025;09:00:00;0;4,6785;26,35
25/06/2025;09:30:00;0;4,6746;26,49
25/06/2025;10:00:00;0;4,6518;26,06
25/06/2025;10:30:00;0;4,6321;26,82
25/06/2025;11:00:00;0;4,6176;26,25
25/06/2025;11:30:00;0;4,5709;25,84
25/06/2025;12:00:00;0;4,5368;25,92
25/06/2025;12:30:00;0;4,5128;25,65
25/06/2025;13:00:00;0;4,4818;25,14
25/06/2025;13:30:00;0;4,4503;25,13
25/06/2025;14:00:00;0;4,4233;24,73
25/06/2025;14:30:00;0;4,4287;24,78
25/06/2025;15:00:00;0;4,4198;24,15
25/06/2025;15:30:00;0;4,4275;24,12
25/06/2025;16:00:00;0;4,4401;24,07
25/06/2025;16:30:00;0;4,4649;24,10
25/06/2025;17:00:00;0;4,4759;23,56
25/06/2025;17:30:00;0;4,5171;23,82
25/06/2025;18:00:00;0;4,5334;23,49
25/06/2025;18:30:00;0;4,5676;23,74
25/06/2025;19:00:00;0;4,5993;23,21
25/06/2025;19:30:00;0;4,6252;23,17
25/06/2025;20:00:00;0;4,6507;23,80
25/06/2025;20:30:00;0;4,6535;24,08
25/06/2025;21:00:00;0;4,6587;23,89
25/06/2025;21:30:00;0;4,6571;25,07
25/06/2025;22:00:00;0;4,6516;24,27
25/06/2025;22:30:00;0;4,6253;24,48
25/06/2025;23:00:00;0;4,6125;25,00
25/06/2025;23:30:00;0;4,5844;25,09
