datetime,nivel
2025-05-27 00:00:00,5.8814
2025-05-27 00:30:00,5.8804
2025-05-27 01:00:00,5.8841
2025-05-27 01:30:00,5.8876
2025-05-27 02:00:00,5.8825
2025-05-27 02:30:00,5.8845
2025-05-27 03:00:00,5.8857
2025-05-27 03:30:00,5.8864
2025-05-27 04:00:00,5.8784
2025-05-27 04:30:00,5.8851
2025-05-27 05:00:00,5.8826
2025-05-27 05:30:00,5.8795
2025-05-27 06:00:00,5.8791
2025-05-27 06:30:00,5.8812
2025-05-27 07:00:00,5.8773
2025-05-27 07:30:00,5.8749
2025-05-27 08:00:00,5.8824
2025-05-27 08:30:00,5.8858
2025-05-27 09:00:00,5.8806
2025-05-27 09:30:00,5.8855
2025-05-27 10:00:00,5.8797
2025-05-27 10:30:00,5.8766
2025-05-27 11:00:00,5.8738
2025-05-27 11:30:00,5.8773
2025-05-27 12:00:00,5.8885
2025-05-27 12:30:00,5.88
2025-05-27 13:00:00,5.872
2025-05-27 13:30:00,5.8809
2025-05-27 14:00:00,5.8789
2025-05-27 14:30:00,5.8784
2025-05-27 15:00:00,5.8775
2025-05-27 15:30:00,5.8763
2025-05-27 16:00:00,5.8786
2025-05-27 16:30:00,5.8687
2025-05-27 17:00:00,5.8694
2025-05-27 17:30:00,5.8675
2025-05-27 18:00:00,5.8669
2025-05-27 18:30:00,5.8574
2025-05-27 19:00:00,5.8564
2025-05-27 19:30:00,5.8451
2025-05-27 20:00:00,5.8216
2025-05-27 20:30:00,5.8272
2025-05-27 21:00:00,5.8231
2025-05-27 21:30:00,5.8162
2025-05-27 22:00:00,5.8027
2025-05-27 22:30:00,5.8108
2025-05-27 23:00:00,5.8093
2025-05-27 23:30:00,5.8195
2025-05-28 00:00:00,5.8276
2025-05-28 00:30:00,5.8317
2025-05-28 01:00:00,5.8299
2025-05-28 01:30:00,5.8463
2025-05-28 02:00:00,5.8496
2025-05-28 02:30:00,5.8605
2025-05-28 03:00:00,5.86
2025-05-28 03:30:00,5.8658
2025-05-28 04:00:00,5.8677
2025-05-28 04:30:00,5.8666
2025-05-28 05:00:00,5.875
2025-05-28 05:30:00,5.8683
2025-05-28 06:00:00,5.8624
2025-05-28 06:30:00,5.8475
2025-05-28 07:00:00,5.845
2025-05-28 07:30:00,5.8421
2025-05-28 08:00:00,5.8384
2025-05-28 08:30:00,5.8215
2025-05-28 09:00:00,5.8288
2025-05-28 09:30:00,5.8163
2025-05-28 10:00:00,5.8131
2025-05-28 10:30:00,5.8251
2025-05-28 11:00:00,5.8176
2025-05-28 11:30:00,5.8263
2025-05-28 12:00:00,5.8337
2025-05-28 12:30:00,5.8381
2025-05-28 13:00:00,5.8359
2025-05-28 13:30:00,5.8455
2025-05-28 14:00:00,5.8525
2025-05-28 14:30:00,5.8634
2025-05-28 15:00:00,5.8691
2025-05-28 15:30:00,5.8762
2025-05-28 16:00:00,5.8764
2025-05-28 16:30:00,5.8783
2025-05-28 17:00:00,5.8721
2025-05-28 17:30:00,5.8674
2025-05-28 18:00:00,5.8572
2025-05-28 18:30:00,5.8548
2025-05-28 19:00:00,5.8428
2025-05-28 19:30:00,5.8391
2025-05-28 20:00:00,5.8427
2025-05-28 20:30:00,5.8291
2025-05-28 21:00:00,5.8209
2025-05-28 21:30:00,5.8152
2025-05-28 22:00:00,5.8083
2025-05-28 22:30:00,5.8089
2025-05-28 23:00:00,5.813
2025-05-28 23:30:00,5.8049
2025-05-29 00:00:00,5.8092
2025-05-29 00:30:00,5.8131
2025-05-29 01:00:00,5.8212
2025-05-29 01:30:00,5.8429
2025-05-29 02:00:00,5.8461
2025-05-29 02:30:00,5.8533
2025-05-29 03:00:00,5.8434
2025-05-29 03:30:00,5.8477
2025-05-29 04:00:00,5.8642
2025-05-29 04:30:00,5.8565
2025-05-29 05:00:00,5.8644
2025-05-29 05:30:00,5.8542
2025-05-29 06:00:00,5.8652
2025-05-29 06:30:00,5.8542
2025-05-29 07:00:00,5.8483
2025-05-29 07:30:00,5.8584
2025-05-29 08:00:00,5.839
2025-05-29 08:30:00,5.8266
2025-05-29 09:00:00,5.8214
2025-05-29 09:30:00,5.8279
2025-05-29 10:00:00,5.8127
2025-05-29 10:30:00,5.824
2025-05-29 11:00:00,5.8087
2025-05-29 11:30:00,5.8177
2025-05-29 12:00:00,5.8127
2025-05-29 12:30:00,5.8288
2025-05-29 13:00:00,5.8344
2025-05-29 13:30:00,5.8372
2025-05-29 14:00:00,5.84
2025-05-29 14:30:00,5.8445
2025-05-29 15:00:00,5.8531
2025-05-29 15:30:00,5.8523
2025-05-29 16:00:00,5.8595
2025-05-29 16:30:00,5.8717
2025-05-29 17:00:00,5.8644
2025-05-29 17:30:00,5.8651
2025-05-29 18:00:00,5.8704
2025-05-29 18:30:00,5.8601
2025-05-29 19:00:00,5.8536
2025-05-29 19:30:00,5.8519
2025-05-29 20:00:00,5.8419
2025-05-29 20:30:00,5.8341
2025-05-29 21:00:00,5.8258
2025-05-29 21:30:00,5.8261
2025-05-29 22:00:00,5.8213
2025-05-29 22:30:00,5.7976
2025-05-29 23:00:00,5.8161
2025-05-29 23:30:00,5.8104
2025-05-30 00:00:00,5.8049
2025-05-30 00:30:00,5.8144
2025-05-30 01:00:00,5.806
2025-05-30 01:30:00,5.8205
2025-05-30 02:00:00,5.8307
2025-05-30 02:30:00,5.8296
2025-05-30 03:00:00,5.8257
2025-05-30 03:30:00,5.8437
2025-05-30 04:00:00,5.8476
2025-05-30 04:30:00,5.8594
2025-05-30 05:00:00,5.8599
2025-05-30 05:30:00,5.8656
2025-05-30 06:00:00,5.8564
2025-05-30 06:30:00,5.8568
2025-05-30 07:00:00,5.8536
2025-05-30 07:30:00,5.8423
2025-05-30 08:00:00,5.842
2025-05-30 08:30:00,5.8477
2025-05-30 09:00:00,5.826
2025-05-30 09:30:00,5.8267
2025-05-30 10:00:00,5.8182
2025-05-30 10:30:00,5.8199
2025-05-30 11:00:00,5.8086
2025-05-30 11:30:00,5.8199
2025-05-30 12:00:00,5.8122
2025-05-30 12:30:00,5.8144
2025-05-30 13:00:00,5.816
2025-05-30 13:30:00,5.8258
2025-05-30 14:00:00,5.8242
2025-05-30 14:30:00,5.8392
2025-05-30 15:00:00,5.8375
2025-05-30 15:30:00,5.8454
2025-05-30 16:00:00,5.8579
2025-05-30 16:30:00,5.8622
2025-05-30 17:00:00,5.8592
2025-05-30 17:30:00,5.8557
2025-05-30 18:00:00,5.8589
2025-05-30 18:30:00,5.8601
2025-05-30 19:00:00,5.854
2025-05-30 19:30:00,5.8507
2025-05-30 20:00:00,5.8488
2025-05-30 20:30:00,5.8271
2025-05-30 21:00:00,5.8301
2025-05-30 21:30:00,5.8241
2025-05-30 22:00:00,5.8146
2025-05-30 22:30:00,5.8154
2025-05-30 23:00:00,5.8042
2025-05-30 23:30:00,5.8045
2025-05-31 00:00:00,5.803
2025-05-31 00:30:00,5.8154
2025-05-31 01:00:00,5.8016
2025-05-31 01:30:00,5.8105
2025-05-31 02:00:00,5.8201
2025-05-31 02:30:00,5.8235
2025-05-31 03:00:00,5.8195
2025-05-31 03:30:00,5.8318
2025-05-31 04:00:00,5.8277
2025-05-31 04:30:00,5.8451
2025-05-31 05:00:00,5.8485
2025-05-31 05:30:00,5.8444
2025-05-31 06:00:00,5.8438
2025-05-31 06:30:00,5.8487
2025-05-31 07:00:00,5.8438
2025-05-31 07:30:00,5.8391
2025-05-31 08:00:00,5.8414
2025-05-31 08:30:00,5.8414
2025-05-31 09:00:00,5.8288
2025-05-31 09:30:00,5.8215
2025-05-31 10:00:00,5.8167
2025-05-31 10:30:00,5.8233
2025-05-31 11:00:00,5.8081
2025-05-31 11:30:00,5.806
2025-05-31 12:00:00,5.8127
2025-05-31 12:30:00,5.8111
2025-05-31 13:00:00,5.8167
2025-05-31 13:30:00,5.8157
2025-05-31 14:00:00,5.8136
2025-05-31 14:30:00,5.8281
2025-05-31 15:00:00,5.8202
2025-05-31 15:30:00,5.8349
2025-05-31 16:00:00,5.8353
2025-05-31 16:30:00,5.8468
2025-05-31 17:00:00,5.8441
2025-05-31 17:30:00,5.8493
2025-05-31 18:00:00,5.848
2025-05-31 18:30:00,5.8498
2025-05-31 19:00:00,5.8506
2025-05-31 19:30:00,5.843
2025-05-31 20:00:00,5.8409
2025-05-31 20:30:00,5.8446
2025-05-31 21:00:00,5.8322
2025-05-31 21:30:00,5.8389
2025-05-31 22:00:00,5.8214
2025-05-31 22:30:00,5.809
2025-05-31 23:00:00,5.8025
2025-05-31 23:30:00,5.8156
2025-06-01 00:00:00,5.8034
2025-06-01 00:30:00,5.7996
2025-06-01 01:00:00,5.8127
2025-06-01 01:30:00,5.8049
2025-06-01 02:00:00,5.8056
2025-06-01 02:30:00,5.8155
2025-06-01 03:00:00,5.8154
2025-06-01 03:30:00,5.822
2025-06-01 04:00:00,5.8255
2025-06-01 04:30:00,5.8254
2025-06-01 05:00:00,5.8285
2025-06-01 05:30:00,5.8409
2025-06-01 06:00:00,5.8417
2025-06-01 06:30:00,5.8397
2025-06-01 07:00:00,5.8277
2025-06-01 07:30:00,5.8368
2025-06-01 08:00:00,5.8383
2025-06-01 08:30:00,5.842
2025-06-01 09:00:00,5.8349
2025-06-01 09:30:00,5.8373
2025-06-01 10:00:00,5.8135
2025-06-01 10:30:00,5.8162
2025-06-01 11:00:00,5.8167
2025-06-01 11:30:00,5.8059
2025-06-01 12:00:00,5.8098
2025-06-01 12:30:00,5.8106
2025-06-01 13:00:00,5.8099
2025-06-01 13:30:00,5.813
2025-06-01 14:00:00,5.8008
2025-06-01 14:30:00,5.806
2025-06-01 15:00:00,5.8139
2025-06-01 15:30:00,5.8197
2025-06-01 16:00:00,5.8176
2025-06-01 16:30:00,5.8233
2025-06-01 17:00:00,5.8285
2025-06-01 17:30:00,5.8373
2025-06-01 18:00:00,5.8385
2025-06-01 18:30:00,5.8426
2025-06-01 19:00:00,5.8409
2025-06-01 19:30:00,5.8519
2025-06-01 20:00:00,5.836
2025-06-01 20:30:00,5.835
2025-06-01 21:00:00,5.8327
2025-06-01 21:30:00,5.8355
2025-06-01 22:00:00,5.8366
2025-06-01 22:30:00,5.8214
2025-06-01 23:00:00,5.8172
2025-06-01 23:30:00,5.8187
2025-06-02 00:00:00,5.8062
2025-06-02 00:30:00,5.8049
2025-06-02 01:00:00,5.7902
2025-06-02 01:30:00,5.8062
2025-06-02 02:00:00,5.801
2025-06-02 02:30:00,5.8105
2025-06-02 03:00:00,5.8079
2025-06-02 03:30:00,5.8052
2025-06-02 04:00:00,5.8138
2025-06-02 04:30:00,5.8173
2025-06-02 05:00:00,5.8207
2025-06-02 05:30:00,5.8246
2025-06-02 06:00:00,5.8297
2025-06-02 06:30:00,5.8316
2025-06-02 07:00:00,5.8326
2025-06-02 07:30:00,5.8358
2025-06-02 08:00:00,5.8342
2025-06-02 08:30:00,5.8337
2025-06-02 09:00:00,5.8318
2025-06-02 09:30:00,5.8262
2025-06-02 10:00:00,5.8223
2025-06-02 10:30:00,5.8223
2025-06-02 11:00:00,5.8166
2025-06-02 11:30:00,5.8217
2025-06-02 12:00:00,5.8145
2025-06-02 12:30:00,5.803
2025-06-02 13:00:00,5.8106
2025-06-02 13:30:00,5.8054
2025-06-02 14:00:00,5.8078
2025-06-02 14:30:00,5.8033
2025-06-02 15:00:00,5.8074
2025-06-02 15:30:00,5.8101
2025-06-02 16:00:00,5.8045
2025-06-02 16:30:00,5.817
2025-06-02 17:00:00,5.8134
2025-06-02 17:30:00,5.8145
2025-06-02 18:00:00,5.821
2025-06-02 18:30:00,5.8259
2025-06-02 19:00:00,5.8191
2025-06-02 19:30:00,5.8362
2025-06-02 20:00:00,5.8333
2025-06-02 20:30:00,5.8253
2025-06-02 21:00:00,5.8284
2025-06-02 21:30:00,5.8341
2025-06-02 22:00:00,5.822
2025-06-02 22:30:00,5.8204
2025-06-02 23:00:00,5.8262
2025-06-02 23:30:00,5.8206
2025-06-03 00:00:00,5.8068
2025-06-03 00:30:00,5.8127
2025-06-03 01:00:00,5.8115
2025-06-03 01:30:00,5.8063
2025-06-03 02:00:00,5.8079
2025-06-03 02:30:00,5.7996
2025-06-03 03:00:00,5.8139
2025-06-03 03:30:00,5.8027
2025-06-03 04:00:00,5.8011
2025-06-03 04:30:00,5.8088
2025-06-03 05:00:00,5.8023
2025-06-03 05:30:00,5.8093
2025-06-03 06:00:00,5.8106
2025-06-03 06:30:00,5.8234
2025-06-03 07:00:00,5.8309
2025-06-03 07:30:00,5.8268
2025-06-03 08:00:00,5.8311
2025-06-03 08:30:00,5.8232
2025-06-03 09:00:00,5.8308
2025-06-03 09:30:00,5.8263
2025-06-03 10:00:00,5.8383
2025-06-03 10:30:00,5.8306
2025-06-03 11:00:00,5.8194
2025-06-03 11:30:00,5.8189
2025-06-03 12:00:00,5.8065
2025-06-03 12:30:00,5.8181
2025-06-03 13:00:00,5.8199
2025-06-03 13:30:00,5.8092
2025-06-03 14:00:00,5.8093
2025-06-03 14:30:00,5.8007
2025-06-03 15:00:00,5.8052
2025-06-03 15:30:00,5.8002
2025-06-03 16:00:00,5.8063
2025-06-03 16:30:00,5.7977
2025-06-03 17:00:00,5.8022
2025-06-03 17:30:00,5.8024
2025-06-03 18:00:00,5.8116
2025-06-03 18:30:00,5.7982
2025-06-03 19:00:00,5.8228
2025-06-03 19:30:00,5.826
2025-06-03 20:00:00,5.8155
2025-06-03 20:30:00,5.8102
2025-06-03 21:00:00,5.8307
2025-06-03 21:30:00,5.8223
2025-06-03 22:00:00,5.8195
2025-06-03 22:30:00,5.8192
2025-06-03 23:00:00,5.8189
2025-06-03 23:30:00,5.8244
2025-06-04 00:00:00,5.8152
2025-06-04 00:30:00,5.8134
2025-06-04 01:00:00,5.8129
2025-06-04 01:30:00,5.8096
2025-06-04 02:00:00,5.8003
2025-06-04 02:30:00,5.8054
2025-06-04 03:00:00,5.7961
2025-06-04 03:30:00,5.8056
2025-06-04 04:00:00,5.7973
2025-06-04 04:30:00,5.8013
2025-06-04 05:00:00,5.8043
2025-06-04 05:30:00,5.7938
2025-06-04 06:00:00,5.8007
2025-06-04 06:30:00,5.8059
2025-06-04 07:00:00,5.8102
2025-06-04 07:30:00,5.8154
2025-06-04 08:00:00,5.8193
2025-06-04 08:30:00,5.8251
2025-06-04 09:00:00,5.8233
2025-06-04 09:30:00,5.8238
2025-06-04 10:00:00,5.82
2025-06-04 10:30:00,5.8247
2025-06-04 11:00:00,5.8276
2025-06-04 11:30:00,5.8222
2025-06-04 12:00:00,5.8241
2025-06-04 12:30:00,5.8284
2025-06-04 13:00:00,5.8052
2025-06-04 13:30:00,5.8097
2025-06-04 14:00:00,5.8106
2025-06-04 14:30:00,5.8185
2025-06-04 15:00:00,5.7956
2025-06-04 15:30:00,5.7982
2025-06-04 16:00:00,5.8007
2025-06-04 16:30:00,5.801
2025-06-04 17:00:00,5.7851
2025-06-04 17:30:00,5.7918
2025-06-04 18:00:00,5.7955
2025-06-04 18:30:00,5.7905
2025-06-04 19:00:00,5.7939
2025-06-04 19:30:00,5.8126
2025-06-04 20:00:00,5.804
2025-06-04 20:30:00,5.8097
2025-06-04 21:00:00,5.8087
2025-06-04 21:30:00,5.8159
2025-06-04 22:00:00,5.8099
2025-06-04 22:30:00,5.817
2025-06-04 23:00:00,5.8326
2025-06-04 23:30:00,5.8142
2025-06-05 00:00:00,5.8256
2025-06-05 00:30:00,5.8094
2025-06-05 01:00:00,5.8236
2025-06-05 01:30:00,5.8094
2025-06-05 02:00:00,5.8117
2025-06-05 02:30:00,5.8066
2025-06-05 03:00:00,5.8102
2025-06-05 03:30:00,5.8019
2025-06-05 04:00:00,5.7935
2025-06-05 04:30:00,5.787
2025-06-05 05:00:00,5.8018
2025-06-05 05:30:00,5.7878
2025-06-05 06:00:00,5.7909
2025-06-05 06:30:00,5.7939
2025-06-05 07:00:00,5.795
2025-06-05 07:30:00,5.8008
2025-06-05 08:00:00,5.8056
2025-06-05 08:30:00,5.8039
2025-06-05 09:00:00,5.8175
2025-06-05 09:30:00,5.8151
2025-06-05 10:00:00,5.8211
2025-06-05 10:30:00,5.8168
2025-06-05 11:00:00,5.8207
2025-06-05 11:30:00,5.8186
2025-06-05 12:00:00,5.8136
2025-06-05 12:30:00,5.8133
2025-06-05 13:00:00,5.814
2025-06-05 13:30:00,5.8169
2025-06-05 14:00:00,5.8124
2025-06-05 14:30:00,5.8063
2025-06-05 15:00:00,5.8084
2025-06-05 15:30:00,5.7971
2025-06-05 16:00:00,5.7912
2025-06-05 16:30:00,5.794
2025-06-05 17:00:00,5.7946
2025-06-05 17:30:00,5.789
2025-06-05 18:00:00,5.7825
2025-06-05 18:30:00,5.7849
2025-06-05 19:00:00,5.7959
2025-06-05 19:30:00,5.7801
2025-06-05 20:00:00,5.7902
2025-06-05 20:30:00,5.781
2025-06-05 21:00:00,5.7918
2025-06-05 21:30:00,5.7984
2025-06-05 22:00:00,5.8045
2025-06-05 22:30:00,5.8065
2025-06-05 23:00:00,5.8128
2025-06-05 23:30:00,5.8001
2025-06-06 00:00:00,5.8133
2025-06-06 00:30:00,5.8189
2025-06-06 01:00:00,5.8129
2025-06-06 01:30:00,5.807
2025-06-06 02:00:00,5.8023
2025-06-06 02:30:00,5.8012
2025-06-06 03:00:00,5.8061
2025-06-06 03:30:00,5.7975
2025-06-06 04:00:00,5.7951
2025-06-06 04:30:00,5.7996
2025-06-06 05:00:00,5.7836
2025-06-06 05:30:00,5.7948
2025-06-06 06:00:00,5.7903
2025-06-06 06:30:00,5.787
2025-06-06 07:00:00,5.779
2025-06-06 07:30:00,5.7884
2025-06-06 08:00:00,5.7945
2025-06-06 08:30:00,5.786
2025-06-06 09:00:00,5.7977
2025-06-06 09:30:00,5.802
2025-06-06 10:00:00,5.7934
2025-06-06 10:30:00,5.8049
2025-06-06 11:00:00,5.8165
2025-06-06 11:30:00,5.8147
2025-06-06 12:00:00,5.8268
2025-06-06 12:30:00,5.8264
2025-06-06 13:00:00,5.8131
2025-06-06 13:30:00,5.8093
2025-06-06 14:00:00,5.8202
2025-06-06 14:30:00,5.8128
2025-06-06 15:00:00,5.8122
2025-06-06 15:30:00,5.806
2025-06-06 16:00:00,5.799
2025-06-06 16:30:00,5.7885
2025-06-06 17:00:00,5.7912
2025-06-06 17:30:00,5.7926
2025-06-06 18:00:00,5.7746
2025-06-06 18:30:00,5.7857
2025-06-06 19:00:00,5.7738
2025-06-06 19:30:00,5.7768
2025-06-06 20:00:00,5.7727
2025-06-06 20:30:00,5.7735
2025-06-06 21:00:00,5.7867
2025-06-06 21:30:00,5.7793
2025-06-06 22:00:00,5.7908
2025-06-06 22:30:00,5.7923
2025-06-06 23:00:00,5.809
2025-06-06 23:30:00,5.8006
2025-06-07 00:00:00,5.8044
2025-06-07 00:30:00,5.817
2025-06-07 01:00:00,5.8101
2025-06-07 01:30:00,5.8084
2025-06-07 02:00:00,5.8158
2025-06-07 02:30:00,5.8131
2025-06-07 03:00:00,5.8086
2025-06-07 03:30:00,5.801
2025-06-07 04:00:00,5.8012
2025-06-07 04:30:00,5.8009
2025-06-07 05:00:00,5.7921
2025-06-07 05:30:00,5.7966
2025-06-07 06:00:00,5.7803
2025-06-07 06:30:00,5.768
2025-06-07 07:00:00,5.785
2025-06-07 07:30:00,5.7876
2025-06-07 08:00:00,5.7809
2025-06-07 08:30:00,5.7904
2025-06-07 09:00:00,5.7787
2025-06-07 09:30:00,5.7926
2025-06-07 10:00:00,5.7932
2025-06-07 10:30:00,5.7976
2025-06-07 11:00:00,5.813
2025-06-07 11:30:00,5.8112
2025-06-07 12:00:00,5.8023
2025-06-07 12:30:00,5.8191
2025-06-07 13:00:00,5.829
2025-06-07 13:30:00,5.8095
2025-06-07 14:00:00,5.8096
2025-06-07 14:30:00,5.8119
2025-06-07 15:00:00,5.8048
2025-06-07 15:30:00,5.8067
2025-06-07 16:00:00,5.8022
2025-06-07 16:30:00,5.8043
2025-06-07 17:00:00,5.8014
2025-06-07 17:30:00,5.776
2025-06-07 18:00:00,5.7839
2025-06-07 18:30:00,5.7761
2025-06-07 19:00:00,5.7691
2025-06-07 19:30:00,5.7722
2025-06-07 20:00:00,5.7609
2025-06-07 20:30:00,5.7674
2025-06-07 21:00:00,5.7647
2025-06-07 21:30:00,5.7707
2025-06-07 22:00:00,5.7841
2025-06-07 22:30:00,5.7837
2025-06-07 23:00:00,5.7847
2025-06-07 23:30:00,5.7872
2025-06-08 00:00:00,5.8022
2025-06-08 00:30:00,5.8018
2025-06-08 01:00:00,5.8006
2025-06-08 01:30:00,5.8132
2025-06-08 02:00:00,5.8052
2025-06-08 02:30:00,5.8124
2025-06-08 03:00:00,5.8123
2025-06-08 03:30:00,5.8069
2025-06-08 04:00:00,5.8097
2025-06-08 04:30:00,5.7956
2025-06-08 05:00:00,5.7906
2025-06-08 05:30:00,5.7912
2025-06-08 06:00:00,5.7859
2025-06-08 06:30:00,5.7849
2025-06-08 07:00:00,5.7758
2025-06-08 07:30:00,5.7761
2025-06-08 08:00:00,5.78
2025-06-08 08:30:00,5.7689
2025-06-08 09:00:00,5.7723
2025-06-08 09:30:00,5.783
2025-06-08 10:00:00,5.7794
2025-06-08 10:30:00,5.7824
2025-06-08 11:00:00,5.7896
2025-06-08 11:30:00,5.7997
2025-06-08 12:00:00,5.8104
2025-06-08 12:30:00,5.8119
2025-06-08 13:00:00,5.8188
2025-06-08 13:30:00,5.822
2025-06-08 14:00:00,5.822
2025-06-08 14:30:00,5.8192
2025-06-08 15:00:00,5.814
2025-06-08 15:30:00,5.8131
2025-06-08 16:00:00,5.8146
2025-06-08 16:30:00,5.8084
2025-06-08 17:00:00,5.7977
2025-06-08 17:30:00,5.7851
2025-06-08 18:00:00,5.7787
2025-06-08 18:30:00,5.7733
2025-06-08 19:00:00,5.7735
2025-06-08 19:30:00,5.7734
2025-06-08 20:00:00,5.7657
2025-06-08 20:30:00,5.7481
2025-06-08 21:00:00,5.7591
2025-06-08 21:30:00,5.7607
2025-06-08 22:00:00,5.7611
2025-06-08 22:30:00,5.7749
2025-06-08 23:00:00,5.7709
2025-06-08 23:30:00,5.775
2025-06-09 00:00:00,5.7838
2025-06-09 00:30:00,5.8016
2025-06-09 01:00:00,5.8051
2025-06-09 01:30:00,5.8059
2025-06-09 02:00:00,5.8098
2025-06-09 02:30:00,5.8067
2025-06-09 03:00:00,5.8024
2025-06-09 03:30:00,5.8075
2025-06-09 04:00:00,5.8069
2025-06-09 04:30:00,5.7942
2025-06-09 05:00:00,5.7928
2025-06-09 05:30:00,5.7975
2025-06-09 06:00:00,5.7883
2025-06-09 06:30:00,5.7749
2025-06-09 07:00:00,5.7741
2025-06-09 07:30:00,5.7658
2025-06-09 08:00:00,5.7682
2025-06-09 08:30:00,5.7581
2025-06-09 09:00:00,5.7623
2025-06-09 09:30:00,5.7627
2025-06-09 10:00:00,5.7713
2025-06-09 10:30:00,5.7813
2025-06-09 11:00:00,5.7911
2025-06-09 11:30:00,5.7848
2025-06-09 12:00:00,5.7862
2025-06-09 12:30:00,5.7981
2025-06-09 13:00:00,5.8135
2025-06-09 13:30:00,5.8061
2025-06-09 14:00:00,5.8195
2025-06-09 14:30:00,5.8115
2025-06-09 15:00:00,5.8109
2025-06-09 15:30:00,5.8095
2025-06-09 16:00:00,5.8114
2025-06-09 16:30:00,5.8059
2025-06-09 17:00:00,5.8008
2025-06-09 17:30:00,5.7915
2025-06-09 18:00:00,5.7868
2025-06-09 18:30:00,5.7746
2025-06-09 19:00:00,5.7724
2025-06-09 19:30:00,5.7671
2025-06-09 20:00:00,5.7575
2025-06-09 20:30:00,5.7503
2025-06-09 21:00:00,5.7462
2025-06-09 21:30:00,5.7534
2025-06-09 22:00:00,5.7525
2025-06-09 22:30:00,5.7435
2025-06-09 23:00:00,5.7543
2025-06-09 23:30:00,5.7645
2025-06-10 00:00:00,5.7687
2025-06-10 00:30:00,5.7828
2025-06-10 01:00:00,5.7842
2025-06-10 01:30:00,5.7891
2025-06-10 02:00:00,5.8094
2025-06-10 02:30:00,5.7979
2025-06-10 03:00:00,5.8056
2025-06-10 03:30:00,5.802
2025-06-10 04:00:00,5.8036
2025-06-10 04:30:00,5.7987
2025-06-10 05:00:00,5.7988
2025-06-10 05:30:00,5.7938
2025-06-10 06:00:00,5.7925
2025-06-10 06:30:00,5.7774
2025-06-10 07:00:00,5.7802
2025-06-10 07:30:00,5.7575
2025-06-10 08:00:00,5.7694
2025-06-10 08:30:00,5.7547
2025-06-10 09:00:00,5.756
2025-06-10 09:30:00,5.7655
2025-06-10 10:00:00,5.7688
2025-06-10 10:30:00,5.7668
2025-06-10 11:00:00,5.7729
2025-06-10 11:30:00,5.7728
2025-06-10 12:00:00,5.7931
2025-06-10 12:30:00,5.778
2025-06-10 13:00:00,5.8013
2025-06-10 13:30:00,5.7957
2025-06-10 14:00:00,5.8082
2025-06-10 14:30:00,5.8153
2025-06-10 15:00:00,5.8092
2025-06-10 15:30:00,5.8186
2025-06-10 16:00:00,5.8152
2025-06-10 16:30:00,5.8086
2025-06-10 17:00:00,5.8086
2025-06-10 17:30:00,5.804
2025-06-10 18:00:00,5.7931
2025-06-10 18:30:00,5.7777
2025-06-10 19:00:00,5.7763
2025-06-10 19:30:00,5.7657
2025-06-10 20:00:00,5.7503
2025-06-10 20:30:00,5.7533
2025-06-10 21:00:00,5.7487
2025-06-10 21:30:00,5.7409
2025-06-10 22:00:00,5.7432
2025-06-10 22:30:00,5.7384
2025-06-10 23:00:00,5.7489
2025-06-10 23:30:00,5.7509
2025-06-11 00:00:00,5.753
2025-06-11 00:30:00,5.7715
2025-06-11 01:00:00,5.7723
2025-06-11 01:30:00,5.7716
2025-06-11 02:00:00,5.7902
2025-06-11 02:30:00,5.7825
2025-06-11 03:00:00,5.7906
2025-06-11 03:30:00,5.8003
2025-06-11 04:00:00,5.7995
2025-06-11 04:30:00,5.8015
2025-06-11 05:00:00,5.7975
2025-06-11 05:30:00,5.7917
2025-06-11 06:00:00,5.7914
2025-06-11 06:30:00,5.7795
2025-06-11 07:00:00,5.7707
2025-06-11 07:30:00,5.7673
2025-06-11 08:00:00,5.7661
2025-06-11 08:30:00,5.7647
2025-06-11 09:00:00,5.7512
2025-06-11 09:30:00,5.7463
2025-06-11 10:00:00,5.7523
2025-06-11 10:30:00,5.7622
2025-06-11 11:00:00,5.76
2025-06-11 11:30:00,5.7684
2025-06-11 12:00:00,5.7677
2025-06-11 12:30:00,5.7795
2025-06-11 13:00:00,5.7855
2025-06-11 13:30:00,5.7908
2025-06-11 14:00:00,5.7994
2025-06-11 14:30:00,5.7968
2025-06-11 15:00:00,5.8095
2025-06-11 15:30:00,5.7986
2025-06-11 16:00:00,5.803
2025-06-11 16:30:00,5.8032
2025-06-11 17:00:00,5.8049
2025-06-11 17:30:00,5.8003
2025-06-11 18:00:00,5.7952
2025-06-11 18:30:00,5.7809
2025-06-11 19:00:00,5.7766
2025-06-11 19:30:00,5.7696
2025-06-11 20:00:00,5.7545
2025-06-11 20:30:00,5.7632
2025-06-11 21:00:00,5.7469
2025-06-11 21:30:00,5.7458
2025-06-11 22:00:00,5.736
2025-06-11 22:30:00,5.742
2025-06-11 23:00:00,5.736
2025-06-11 23:30:00,5.7501
2025-06-12 00:00:00,5.7474
2025-06-12 00:30:00,5.7444
2025-06-12 01:00:00,5.7569
2025-06-12 01:30:00,5.7714
2025-06-12 02:00:00,5.781
2025-06-12 02:30:00,5.7811
2025-06-12 03:00:00,5.7852
2025-06-12 03:30:00,5.7937
2025-06-12 04:00:00,5.7952
2025-06-12 04:30:00,5.7889
2025-06-12 05:00:00,5.7963
2025-06-12 05:30:00,5.7826
2025-06-12 06:00:00,5.7867
2025-06-12 06:30:00,5.7744
2025-06-12 07:00:00,5.7776
2025-06-12 07:30:00,5.7661
2025-06-12 08:00:00,5.7641
2025-06-12 08:30:00,5.7624
2025-06-12 09:00:00,5.7458
2025-06-12 09:30:00,5.7484
2025-06-12 10:00:00,5.7374
2025-06-12 10:30:00,5.7499
2025-06-12 11:00:00,5.7456
2025-06-12 11:30:00,5.745
2025-06-12 12:00:00,5.7595
2025-06-12 12:30:00,5.7603
2025-06-12 13:00:00,5.7679
2025-06-12 13:30:00,5.774
2025-06-12 14:00:00,5.7793
2025-06-12 14:30:00,5.7919
2025-06-12 15:00:00,5.7929
2025-06-12 15:30:00,5.7927
2025-06-12 16:00:00,5.8031
2025-06-12 16:30:00,5.8025
2025-06-12 17:00:00,5.8
2025-06-12 17:30:00,5.7983
2025-06-12 18:00:00,5.7875
2025-06-12 18:30:00,5.7932
2025-06-12 19:00:00,5.7859
2025-06-12 19:30:00,5.7743
2025-06-12 20:00:00,5.7692
2025-06-12 20:30:00,5.7702
2025-06-12 21:00:00,5.7443
2025-06-12 21:30:00,5.7456
2025-06-12 22:00:00,5.741
2025-06-12 22:30:00,5.7367
2025-06-12 23:00:00,5.7267
2025-06-12 23:30:00,5.7432
2025-06-13 00:00:00,5.7347
2025-06-13 00:30:00,5.742
2025-06-13 01:00:00,5.7471
2025-06-13 01:30:00,5.7646
2025-06-13 02:00:00,5.7605
2025-06-13 02:30:00,5.7733
2025-06-13 03:00:00,5.7707
2025-06-13 03:30:00,5.7825
2025-06-13 04:00:00,5.7821
2025-06-13 04:30:00,5.7819
2025-06-13 05:00:00,5.7915
2025-06-13 05:30:00,5.7908
2025-06-13 06:00:00,5.797
2025-06-13 06:30:00,5.7847
2025-06-13 07:00:00,5.7759
2025-06-13 07:30:00,5.7686
2025-06-13 08:00:00,5.778
2025-06-13 08:30:00,5.7583
2025-06-13 09:00:00,5.7568
2025-06-13 09:30:00,5.7547
2025-06-13 10:00:00,5.7443
2025-06-13 10:30:00,5.7407
2025-06-13 11:00:00,5.7338
2025-06-13 11:30:00,5.7441
2025-06-13 12:00:00,5.756
2025-06-13 12:30:00,5.747
2025-06-13 13:00:00,5.7592
2025-06-13 13:30:00,5.7565
2025-06-13 14:00:00,5.7707
2025-06-13 14:30:00,5.7718
2025-06-13 15:00:00,5.7877
2025-06-13 15:30:00,5.7892
2025-06-13 16:00:00,5.7878
2025-06-13 16:30:00,5.8051
2025-06-13 17:00:00,5.7903
2025-06-13 17:30:00,5.7826
2025-06-13 18:00:00,5.7909
2025-06-13 18:30:00,5.7817
2025-06-13 19:00:00,5.7836
2025-06-13 19:30:00,5.7729
2025-06-13 20:00:00,5.7684
2025-06-13 20:30:00,5.762
2025-06-13 21:00:00,5.7543
2025-06-13 21:30:00,5.7451
2025-06-13 22:00:00,5.7435
2025-06-13 22:30:00,5.7424
2025-06-13 23:00:00,5.7342
2025-06-13 23:30:00,5.7338
2025-06-14 00:00:00,5.7376
2025-06-14 00:30:00,5.7321
2025-06-14 01:00:00,5.7387
2025-06-14 01:30:00,5.7509
2025-06-14 02:00:00,5.7518
2025-06-14 02:30:00,5.758
2025-06-14 03:00:00,5.7792
2025-06-14 03:30:00,5.7715
2025-06-14 04:00:00,5.7754
2025-06-14 04:30:00,5.7763
2025-06-14 05:00:00,5.784
2025-06-14 05:30:00,5.769
2025-06-14 06:00:00,5.7749
2025-06-14 06:30:00,5.7863
2025-06-14 07:00:00,5.7802
2025-06-14 07:30:00,5.7809
2025-06-14 08:00:00,5.7678
2025-06-14 08:30:00,5.7695
2025-06-14 09:00:00,5.76
2025-06-14 09:30:00,5.7661
2025-06-14 10:00:00,5.7381
2025-06-14 10:30:00,5.7479
2025-06-14 11:00:00,5.7434
2025-06-14 11:30:00,5.7344
2025-06-14 12:00:00,5.7443
2025-06-14 12:30:00,5.7482
2025-06-14 13:00:00,5.7476
2025-06-14 13:30:00,5.7544
2025-06-14 14:00:00,5.7518
2025-06-14 14:30:00,5.7679
2025-06-14 15:00:00,5.7613
2025-06-14 15:30:00,5.7701
2025-06-14 16:00:00,5.7726
2025-06-14 16:30:00,5.7769
2025-06-14 17:00:00,5.7811
2025-06-14 17:30:00,5.779
2025-06-14 18:00:00,5.7828
2025-06-14 18:30:00,5.7832
2025-06-14 19:00:00,5.7778
2025-06-14 19:30:00,5.7802
2025-06-14 20:00:00,5.7673
2025-06-14 20:30:00,5.7612
2025-06-14 21:00:00,5.7609
2025-06-14 21:30:00,5.7556
2025-06-14 22:00:00,5.7388
2025-06-14 22:30:00,5.7377
2025-06-14 23:00:00,5.741
2025-06-14 23:30:00,5.7308
2025-06-15 00:00:00,5.7312
2025-06-15 00:30:00,5.7241
2025-06-15 01:00:00,5.7415
2025-06-15 01:30:00,5.7326
2025-06-15 02:00:00,5.7453
2025-06-15 02:30:00,5.7566
2025-06-15 03:00:00,5.7539
2025-06-15 03:30:00,5.7661
2025-06-15 04:00:00,5.764
2025-06-15 04:30:00,5.7636
2025-06-15 05:00:00,5.7681
2025-06-15 05:30:00,5.7742
2025-06-15 06:00:00,5.786
2025-06-15 06:30:00,5.7862
2025-06-15 07:00:00,5.7782
2025-06-15 07:30:00,5.7788
2025-06-15 08:00:00,5.7747
2025-06-15 08:30:00,5.7578
2025-06-15 09:00:00,5.766
2025-06-15 09:30:00,5.7519
2025-06-15 10:00:00,5.7475
2025-06-15 10:30:00,5.748
2025-06-15 11:00:00,5.7593
2025-06-15 11:30:00,5.7393
2025-06-15 12:00:00,5.7421
2025-06-15 12:30:00,5.7315
2025-06-15 13:00:00,5.7419
2025-06-15 13:30:00,5.741
2025-06-15 14:00:00,5.7436
2025-06-15 14:30:00,5.7418
2025-06-15 15:00:00,5.7496
2025-06-15 15:30:00,5.7496
2025-06-15 16:00:00,5.7576
2025-06-15 16:30:00,5.7623
2025-06-15 17:00:00,5.7623
2025-06-15 17:30:00,5.773
2025-06-15 18:00:00,5.7793
2025-06-15 18:30:00,5.7825
2025-06-15 19:00:00,5.7866
2025-06-15 19:30:00,5.7726
2025-06-15 20:00:00,5.7652
2025-06-15 20:30:00,5.7653
2025-06-15 21:00:00,5.7585
2025-06-15 21:30:00,5.7607
2025-06-15 22:00:00,5.7539
2025-06-15 22:30:00,5.7434
2025-06-15 23:00:00,5.7423
2025-06-15 23:30:00,5.737
2025-06-16 00:00:00,5.7236
2025-06-16 00:30:00,5.7351
2025-06-16 01:00:00,5.7337
2025-06-16 01:30:00,5.7397
2025-06-16 02:00:00,5.7367
2025-06-16 02:30:00,5.7374
2025-06-16 03:00:00,5.7493
2025-06-16 03:30:00,5.756
2025-06-16 04:00:00,5.7455
2025-06-16 04:30:00,5.76
2025-06-16 05:00:00,5.7648
2025-06-16 05:30:00,5.7622
2025-06-16 06:00:00,5.7616
2025-06-16 06:30:00,5.7653
2025-06-16 07:00:00,5.764
2025-06-16 07:30:00,5.7746
2025-06-16 08:00:00,5.7686
2025-06-16 08:30:00,5.7625
2025-06-16 09:00:00,5.7588
2025-06-16 09:30:00,5.7517
2025-06-16 10:00:00,5.7507
2025-06-16 10:30:00,5.7509
2025-06-16 11:00:00,5.7448
2025-06-16 11:30:00,5.7408
2025-06-16 12:00:00,5.7359
2025-06-16 12:30:00,5.7382
2025-06-16 13:00:00,5.7358
2025-06-16 13:30:00,5.74
2025-06-16 14:00:00,5.7412
2025-06-16 14:30:00,5.7337
2025-06-16 15:00:00,5.7406
2025-06-16 15:30:00,5.7441
2025-06-16 16:00:00,5.7426
2025-06-16 16:30:00,5.7533
2025-06-16 17:00:00,5.757
2025-06-16 17:30:00,5.7645
2025-06-16 18:00:00,5.7508
2025-06-16 18:30:00,5.7616
2025-06-16 19:00:00,5.7724
2025-06-16 19:30:00,5.7637
2025-06-16 20:00:00,5.7596
2025-06-16 20:30:00,5.7672
2025-06-16 21:00:00,5.7616
2025-06-16 21:30:00,5.7632
2025-06-16 22:00:00,5.7541
2025-06-16 22:30:00,5.7532
2025-06-16 23:00:00,5.7486
2025-06-16 23:30:00,5.7347
2025-06-17 00:00:00,5.7449
2025-06-17 00:30:00,5.7329
2025-06-17 01:00:00,5.7329
2025-06-17 01:30:00,5.7339
2025-06-17 02:00:00,5.7373
2025-06-17 02:30:00,5.7384
2025-06-17 03:00:00,5.7307
2025-06-17 03:30:00,5.7393
2025-06-17 04:00:00,5.7406
2025-06-17 04:30:00,5.7428
2025-06-17 05:00:00,5.7444
2025-06-17 05:30:00,5.7507
2025-06-17 06:00:00,5.7559
2025-06-17 06:30:00,5.7657
2025-06-17 07:00:00,5.7596
2025-06-17 07:30:00,5.7598
2025-06-17 08:00:00,5.7561
2025-06-17 08:30:00,5.7619
2025-06-17 09:00:00,5.7701
2025-06-17 09:30:00,5.7537
2025-06-17 10:00:00,5.7541
2025-06-17 10:30:00,5.7435
2025-06-17 11:00:00,5.7452
2025-06-17 11:30:00,5.7408
2025-06-17 12:00:00,5.7436
2025-06-17 12:30:00,5.7415
2025-06-17 13:00:00,5.7345
2025-06-17 13:30:00,5.7314
2025-06-17 14:00:00,5.7317
2025-06-17 14:30:00,5.7343
2025-06-17 15:00:00,5.7333
2025-06-17 15:30:00,5.7286
2025-06-17 16:00:00,5.7364
2025-06-17 16:30:00,5.7332
2025-06-17 17:00:00,5.7461
2025-06-17 17:30:00,5.7429
2025-06-17 18:00:00,5.7475
2025-06-17 18:30:00,5.7517
2025-06-17 19:00:00,5.7413
2025-06-17 19:30:00,5.7657
2025-06-17 20:00:00,5.7539
2025-06-17 20:30:00,5.75
2025-06-17 21:00:00,5.7498
2025-06-17 21:30:00,5.7599
2025-06-17 22:00:00,5.7595
2025-06-17 22:30:00,5.7582
2025-06-17 23:00:00,5.7482
2025-06-17 23:30:00,5.7425
2025-06-18 00:00:00,5.75
2025-06-18 00:30:00,5.7421
2025-06-18 01:00:00,5.7337
2025-06-18 01:30:00,5.7308
2025-06-18 02:00:00,5.7375
2025-06-18 02:30:00,5.7384
2025-06-18 03:00:00,5.7251
2025-06-18 03:30:00,5.7341
2025-06-18 04:00:00,5.7401
2025-06-18 04:30:00,5.7307
2025-06-18 05:00:00,5.7438
2025-06-18 05:30:00,5.7435
2025-06-18 06:00:00,5.7425
2025-06-18 06:30:00,5.753
2025-06-18 07:00:00,5.7529
2025-06-18 07:30:00,5.7439
2025-06-18 08:00:00,5.7541
2025-06-18 08:30:00,5.7606
2025-06-18 09:00:00,5.7533
2025-06-18 09:30:00,5.759
2025-06-18 10:00:00,5.7574
2025-06-18 10:30:00,5.7523
2025-06-18 11:00:00,5.7554
2025-06-18 11:30:00,5.749
2025-06-18 12:00:00,5.7356
2025-06-18 12:30:00,5.7379
2025-06-18 13:00:00,5.7367
2025-06-18 13:30:00,5.7465
2025-06-18 14:00:00,5.7309
2025-06-18 14:30:00,5.7357
2025-06-18 15:00:00,5.7376
2025-06-18 15:30:00,5.7272
2025-06-18 16:00:00,5.7284
2025-06-18 16:30:00,5.7247
2025-06-18 17:00:00,5.729
2025-06-18 17:30:00,5.7293
2025-06-18 18:00:00,5.7278
2025-06-18 18:30:00,5.739
2025-06-18 19:00:00,5.7366
2025-06-18 19:30:00,5.7441
2025-06-18 20:00:00,5.7383
2025-06-18 20:30:00,5.7419
2025-06-18 21:00:00,5.7432
2025-06-18 21:30:00,5.7454
2025-06-18 22:00:00,5.7448
2025-06-18 22:30:00,5.7489
2025-06-18 23:00:00,5.7557
2025-06-18 23:30:00,5.7407
2025-06-19 00:00:00,5.7542
2025-06-19 00:30:00,5.7466
2025-06-19 01:00:00,5.7337
2025-06-19 01:30:00,5.7378
2025-06-19 02:00:00,5.7436
2025-06-19 02:30:00,5.7326
2025-06-19 03:00:00,5.734
2025-06-19 03:30:00,5.7341
2025-06-19 04:00:00,5.7277
2025-06-19 04:30:00,5.7319
2025-06-19 05:00:00,5.7301
2025-06-19 05:30:00,5.729
2025-06-19 06:00:00,5.7332
2025-06-19 06:30:00,5.7404
2025-06-19 07:00:00,5.7387
2025-06-19 07:30:00,5.7391
2025-06-19 08:00:00,5.7429
2025-06-19 08:30:00,5.7361
2025-06-19 09:00:00,5.7549
2025-06-19 09:30:00,5.7435
2025-06-19 10:00:00,5.7505
2025-06-19 10:30:00,5.7524
2025-06-19 11:00:00,5.7546
2025-06-19 11:30:00,5.7565
2025-06-19 12:00:00,5.7514
2025-06-19 12:30:00,5.7541
2025-06-19 13:00:00,5.7459
2025-06-19 13:30:00,5.7407
2025-06-19 14:00:00,5.7347
2025-06-19 14:30:00,5.7269
2025-06-19 15:00:00,5.7347
2025-06-19 15:30:00,5.7277
2025-06-19 16:00:00,5.716
2025-06-19 16:30:00,5.7228
2025-06-19 17:00:00,5.7214
2025-06-19 17:30:00,5.7141
2025-06-19 18:00:00,5.7177
2025-06-19 18:30:00,5.7184
2025-06-19 19:00:00,5.7269
2025-06-19 19:30:00,5.7228
2025-06-19 20:00:00,5.728
2025-06-19 20:30:00,5.7265
2025-06-19 21:00:00,5.7349
2025-06-19 21:30:00,5.7422
2025-06-19 22:00:00,5.7481
2025-06-19 22:30:00,5.7351
2025-06-19 23:00:00,5.7491
2025-06-19 23:30:00,5.7438
2025-06-20 00:00:00,5.7498
2025-06-20 00:30:00,5.7376
2025-06-20 01:00:00,5.7432
2025-06-20 01:30:00,5.7394
2025-06-20 02:00:00,5.7378
2025-06-20 02:30:00,5.7332
2025-06-20 03:00:00,5.7285
2025-06-20 03:30:00,5.73
2025-06-20 04:00:00,5.7251
2025-06-20 04:30:00,5.7229
2025-06-20 05:00:00,5.7218
2025-06-20 05:30:00,5.7285
2025-06-20 06:00:00,5.7269
2025-06-20 06:30:00,5.7306
2025-06-20 07:00:00,5.7296
2025-06-20 07:30:00,5.7337
2025-06-20 08:00:00,5.7313
2025-06-20 08:30:00,5.7336
2025-06-20 09:00:00,5.7449
2025-06-20 09:30:00,5.7372
2025-06-20 10:00:00,5.7592
2025-06-20 10:30:00,5.7568
2025-06-20 11:00:00,5.7539
2025-06-20 11:30:00,5.7514
2025-06-20 12:00:00,5.7477
2025-06-20 12:30:00,5.7406
2025-06-20 13:00:00,5.7504
2025-06-20 13:30:00,5.7424
2025-06-20 14:00:00,5.7418
2025-06-20 14:30:00,5.737
2025-06-20 15:00:00,5.7315
2025-06-20 15:30:00,5.7353
2025-06-20 16:00:00,5.7275
2025-06-20 16:30:00,5.725
2025-06-20 17:00:00,5.7217
2025-06-20 17:30:00,5.7111
2025-06-20 18:00:00,5.7169
2025-06-20 18:30:00,5.7117
2025-06-20 19:00:00,5.7106
2025-06-20 19:30:00,5.7071
2025-06-20 20:00:00,5.715
2025-06-20 20:30:00,5.7161
2025-06-20 21:00:00,5.7226
2025-06-20 21:30:00,5.721
2025-06-20 22:00:00,5.7346
2025-06-20 22:30:00,5.731
2025-06-20 23:00:00,5.7391
2025-06-20 23:30:00,5.7348
2025-06-21 00:00:00,5.7404
2025-06-21 00:30:00,5.7437
2025-06-21 01:00:00,5.7385
2025-06-21 01:30:00,5.7474
2025-06-21 02:00:00,5.7392
2025-06-21 02:30:00,5.7331
2025-06-21 03:00:00,5.7384
2025-06-21 03:30:00,5.734
2025-06-21 04:00:00,5.7412
2025-06-21 04:30:00,5.729
2025-06-21 05:00:00,5.7338
2025-06-21 05:30:00,5.7173
2025-06-21 06:00:00,5.7144
2025-06-21 06:30:00,5.7254
2025-06-21 07:00:00,5.7152
2025-06-21 07:30:00,5.7109
2025-06-21 08:00:00,5.7161
2025-06-21 08:30:00,5.7219
2025-06-21 09:00:00,5.7259
2025-06-21 09:30:00,5.7303
2025-06-21 10:00:00,5.7304
2025-06-21 10:30:00,5.7382
2025-06-21 11:00:00,5.7376
2025-06-21 11:30:00,5.7467
2025-06-21 12:00:00,5.7435
2025-06-21 12:30:00,5.7431
2025-06-21 13:00:00,5.746
2025-06-21 13:30:00,5.7437
2025-06-21 14:00:00,5.7431
2025-06-21 14:30:00,5.7455
2025-06-21 15:00:00,5.7392
2025-06-21 15:30:00,5.7354
2025-06-21 16:00:00,5.7354
2025-06-21 16:30:00,5.7311
2025-06-21 17:00:00,5.7274
2025-06-21 17:30:00,5.707
2025-06-21 18:00:00,5.7071
2025-06-21 18:30:00,5.7027
2025-06-21 19:00:00,5.702
2025-06-21 19:30:00,5.6976
2025-06-21 20:00:00,5.7095
2025-06-21 20:30:00,5.6985
2025-06-21 21:00:00,5.7034
2025-06-21 21:30:00,5.7066
2025-06-21 22:00:00,5.7066
2025-06-21 22:30:00,5.718
2025-06-21 23:00:00,5.7194
2025-06-21 23:30:00,5.7226
2025-06-22 00:00:00,5.7377
2025-06-22 00:30:00,5.7444
2025-06-22 01:00:00,5.7381
2025-06-22 01:30:00,5.7502
2025-06-22 02:00:00,5.7424
2025-06-22 02:30:00,5.73
2025-06-22 03:00:00,5.7437
2025-06-22 03:30:00,5.7371
2025-06-22 04:00:00,5.7339
2025-06-22 04:30:00,5.7227
2025-06-22 05:00:00,5.7194
2025-06-22 05:30:00,5.7112
2025-06-22 06:00:00,5.7144
2025-06-22 06:30:00,5.7136
2025-06-22 07:00:00,5.7082
2025-06-22 07:30:00,5.7031
2025-06-22 08:00:00,5.7096
2025-06-22 08:30:00,5.7155
2025-06-22 09:00:00,5.715
2025-06-22 09:30:00,5.714
2025-06-22 10:00:00,5.7179
2025-06-22 10:30:00,5.7208
2025-06-22 11:00:00,5.7368
2025-06-22 11:30:00,5.7408
2025-06-22 12:00:00,5.7452
2025-06-22 12:30:00,5.7462
2025-06-22 13:00:00,5.7462
2025-06-22 13:30:00,5.7516
2025-06-22 14:00:00,5.7448
2025-06-22 14:30:00,5.7363
2025-06-22 15:00:00,5.7441
2025-06-22 15:30:00,5.7412
2025-06-22 16:00:00,5.7335
2025-06-22 16:30:00,5.7304
2025-06-22 17:00:00,5.7253
2025-06-22 17:30:00,5.7118
2025-06-22 18:00:00,5.7065
2025-06-22 18:30:00,5.7016
2025-06-22 19:00:00,5.695
2025-06-22 19:30:00,5.6931
2025-06-22 20:00:00,5.6981
2025-06-22 20:30:00,5.6923
2025-06-22 21:00:00,5.6967
2025-06-22 21:30:00,5.6988
2025-06-22 22:00:00,5.6975
2025-06-22 22:30:00,5.6984
2025-06-22 23:00:00,5.714
2025-06-22 23:30:00,5.7182
2025-06-23 00:00:00,5.7192
2025-06-23 00:30:00,5.7356
2025-06-23 01:00:00,5.7349
2025-06-23 01:30:00,5.7427
2025-06-23 02:00:00,5.735
2025-06-23 02:30:00,5.7348
2025-06-23 03:00:00,5.739
2025-06-23 03:30:00,5.7308
2025-06-23 04:00:00,5.734
2025-06-23 04:30:00,5.7259
2025-06-23 05:00:00,5.7235
2025-06-23 05:30:00,5.7179
2025-06-23 06:00:00,5.7092
2025-06-23 06:30:00,5.7074
2025-06-23 07:00:00,5.7071
2025-06-23 07:30:00,5.7005
2025-06-23 08:00:00,5.6964
2025-06-23 08:30:00,5.7058
2025-06-23 09:00:00,5.6987
2025-06-23 09:30:00,5.7087
2025-06-23 10:00:00,5.7066
2025-06-23 10:30:00,5.7155
2025-06-23 11:00:00,5.7158
2025-06-23 11:30:00,5.7214
2025-06-23 12:00:00,5.7318
2025-06-23 12:30:00,5.7358
2025-06-23 13:00:00,5.7367
2025-06-23 13:30:00,5.7368
2025-06-23 14:00:00,5.7335
2025-06-23 14:30:00,5.741
2025-06-23 15:00:00,5.7479
2025-06-23 15:30:00,5.7369
2025-06-23 16:00:00,5.7398
2025-06-23 16:30:00,5.7323
2025-06-23 17:00:00,5.7192
2025-06-23 17:30:00,5.7156
2025-06-23 18:00:00,5.7101
2025-06-23 18:30:00,5.697
2025-06-23 19:00:00,5.6939
2025-06-23 19:30:00,5.6967
2025-06-23 20:00:00,5.6869
2025-06-23 20:30:00,5.6921
2025-06-23 21:00:00,5.6827
2025-06-23 21:30:00,5.6847
2025-06-23 22:00:00,5.6899
2025-06-23 22:30:00,5.6947
2025-06-23 23:00:00,5.7114
2025-06-23 23:30:00,5.7128
2025-06-24 00:00:00,5.7132
2025-06-24 00:30:00,5.714
2025-06-24 01:00:00,5.7244
2025-06-24 01:30:00,5.7312
2025-06-24 02:00:00,5.7326
2025-06-24 02:30:00,5.7311
2025-06-24 03:00:00,5.7349
2025-06-24 03:30:00,5.7331
2025-06-24 04:00:00,5.7405
2025-06-24 04:30:00,5.7392
2025-06-24 05:00:00,5.7278
2025-06-24 05:30:00,5.7237
2025-06-24 06:00:00,5.7126
2025-06-24 06:30:00,5.7153
2025-06-24 07:00:00,5.7044
2025-06-24 07:30:00,5.6986
2025-06-24 08:00:00,5.694
2025-06-24 08:30:00,5.689
2025-06-24 09:00:00,5.6952
2025-06-24 09:30:00,5.6881
2025-06-24 10:00:00,5.6951
2025-06-24 10:30:00,5.7019
2025-06-24 11:00:00,5.7101
2025-06-24 11:30:00,5.7165
2025-06-24 12:00:00,5.7151
2025-06-24 12:30:00,5.7284
2025-06-24 13:00:00,5.7359
2025-06-24 13:30:00,5.7402
2025-06-24 14:00:00,5.7385
2025-06-24 14:30:00,5.7391
2025-06-24 15:00:00,5.7479
2025-06-24 15:30:00,5.7397
2025-06-24 16:00:00,5.7432
2025-06-24 16:30:00,5.7349
2025-06-24 17:00:00,5.7303
2025-06-24 17:30:00,5.7196
2025-06-24 18:00:00,5.7194
2025-06-24 18:30:00,5.7068
2025-06-24 19:00:00,5.699
2025-06-24 19:30:00,5.6958
2025-06-24 20:00:00,5.6923
2025-06-24 20:30:00,5.6839
2025-06-24 21:00:00,5.6846
2025-06-24 21:30:00,5.6845
2025-06-24 22:00:00,5.6769
2025-06-24 22:30:00,5.6779
2025-06-24 23:00:00,5.6838
2025-06-24 23:30:00,5.6935
2025-06-25 00:00:00,5.6915
2025-06-25 00:30:00,5.7021
2025-06-25 01:00:00,5.7139
2025-06-25 01:30:00,5.7216
2025-06-25 02:00:00,5.7191
2025-06-25 02:30:00,5.7281
2025-06-25 03:00:00,5.7254
2025-06-25 03:30:00,5.7396
2025-06-25 04:00:00,5.7356
2025-06-25 04:30:00,5.7291
2025-06-25 05:00:00,5.7264
2025-06-25 05:30:00,5.7257
2025-06-25 06:00:00,5.7082
2025-06-25 06:30:00,5.7043
2025-06-25 07:00:00,5.7035
2025-06-25 07:30:00,5.6994
2025-06-25 08:00:00,5.6907
2025-06-25 08:30:00,5.6783
2025-06-25 09:00:00,5.6826
2025-06-25 09:30:00,5.6821
2025-06-25 10:00:00,5.677
2025-06-25 10:30:00,5.6792
2025-06-25 11:00:00,5.6911
2025-06-25 11:30:00,5.692
2025-06-25 12:00:00,5.7035
2025-06-25 12:30:00,5.7131
2025-06-25 13:00:00,5.7119
2025-06-25 13:30:00,5.7272
2025-06-25 14:00:00,5.7312
2025-06-25 14:30:00,5.7314
2025-06-25 15:00:00,5.7425
2025-06-25 15:30:00,5.7437
2025-06-25 16:00:00,5.7375
2025-06-25 16:30:00,5.7332
2025-06-25 17:00:00,5.7304
2025-06-25 17:30:00,5.7113
2025-06-25 18:00:00,5.7153
2025-06-25 18:30:00,5.7074
2025-06-25 19:00:00,5.6997
2025-06-25 19:30:00,5.6919
2025-06-25 20:00:00,5.6835
2025-06-25 20:30:00,5.6883
2025-06-25 21:00:00,5.677
2025-06-25 21:30:00,5.6765
2025-06-25 22:00:00,5.6758
2025-06-25 22:30:00,5.6796
2025-06-25 23:00:00,5.6802
2025-06-25 23:30:00,5.6826
